Livestock.Type,Livestock.Subtype,MMS,MMS.Subtype,Region,Country.Type,AAT,EF.CH4.EF,EF.CH4.EF.L,EF.CH4.EF.U,EF.CH4.MM,EF.CH4.MM.L,EF.CH4.MM.U,TAM,TAM.L,TAM.U,Nex,Nex.L,Nex.U,f.MMS,f.L.MMS,f.L.MMS.L,f.L.MMS.U,f.DV.MMS,f.DV.MMS.L,f.DV.MMS.U,N.Bed,EF.N2O.MM,EF.N2O.MM.L,EF.N2O.MM.U,EF.N2O.UD,EF.N2O.UD.L,EF.N2O.UD.U
All,All,Anaerobic Digester,Anaerobic Digester,,,,,,,,,,,,,,,,,,,,,,,,0,0,0,,,
All,All,Anaerobic Lagoon,Uncovered Anaerobic Lagoon,,,,,,,,,,,,,,,,,,,,,,,,0,0,0,,,
All,All,Daily Spread,Daily Spread,,,,,,,,,,,,,,,,,,,,,,,,0,0,0,,,
All,All,Liquid/Slurry,Liquid/Slurry w/o Crust Cover,,,,,,,,,,,,,,,,,,,,,,,,0,0,0,,,
All,All,Composting,Composting Passive Windrow,,,,,,,,,,,,,,,,,,,,,,,,0.001,0.0005,0.002,,,
All,All,Poultry Manure,Poultry Manure w/ Litter,,,,,,,,,,,,,,,,,,,,,,,,0.001,0.0005,0.002,,,
All,All,Poultry Manure,Poultry Manure w/o Litter,,,,,,,,,,,,,,,,,,,,,,,,0.001,0.0005,0.002,,,
All,All,Pit Storage,Pit Storage,,,,,,,,,,,,,,,,,,,,,,,,0.002,0.001,0.004,,,
All,All,Aeration Systems,Forced Aeration Systems,,,,,,,,,,,,,,,,,,,,,,,,0.005,0.0025,0.01,,,
All,All,Liquid/Slurry,Liquid/Slurry w/ Crust Cover,,,,,,,,,,,,,,,,,,,,,,,,0.005,0.0025,0.01,,,
All,All,Solid Storage,Solid Storage,,,,,,,,,,,,,,,,,,,,,,,,0.005,0.0027,0.01,,,
All,All,Composting,Composting In-Vessel,,,,,,,,,,,,,,,,,,,,,,,,0.006,0.003,0.012,,,
All,All,Composting,Composting Static Pile,,,,,,,,,,,,,,,,,,,,,,,,0.006,0.003,0.012,,,
All,All,Aeration Systems,Natural Aeration Systems,,,,,,,,,,,,,,,,,,,,,,,,0.01,0.005,0.02,,,
All,All,Composting,Composting Intensive Windrow,,,,,,,,,,,,,,,,,,,,,,,,0.01,0.005,0.02,,,
All,All,Deep Bedding,Deep Bedding No Mixing,,,,,,,,,,,,,,,,,,,,,,,,0.01,0.005,0.02,,,
All,All,Dry Lot,Dry Lot,,,,,,,,,,,,,,,,,,,,,,,,0.02,0.01,0.04,,,
All,All,Deep Bedding,Deep Bedding Active Mixing,,,,,,,,,,,,,,,,,,,,,,,,0.07,0.035,0.14,,,
Swine,Market Swine,Deep Bedding,Deep Bedding,,,,,,,,,,,,,,,,,,,,,,,0.8,,,,,,
Poultry,Poultry,Poultry Manure,Poultry Manure w/ Litter,,,,,,,,,,,,,,,,,,,,,,,1,,,,,,
Buffalo,Buffalo,Deep Bedding,Deep Bedding,,,,,,,,,,,,,,,,,,,,,,,4,,,,,,
Cattle,Other Cattle,Deep Bedding,Deep Bedding,,,,,,,,,,,,,,,,,,,,,,,4,,,,,,
Swine,Breeding Swine,Deep Bedding,Deep Bedding,,,,,,,,,,,,,,,,,,,,,,,5.5,,,,,,
Cattle,Dairy Cattle,Deep Bedding,Deep Bedding,,,,,,,,,,,,,,,,,,,,,,,7,,,,,,
Horses,Horses,Solid Storage,Solid Storage,,,,,,,,,,,,,,,,,0.15,0.05,0.2,0.12,0.05,0.2,,,,,,,
Other,Fur-Bearing Animals,Solid Storage,Solid Storage,,,,,,,,,,,,,,,,,0.15,0.05,0.2,0.12,0.05,0.2,,,,,,,
Sheep,Sheep,Solid Storage,Solid Storage,,,,,,,,,,,,,,,,,0.15,0.05,0.2,0.12,0.05,0.2,,,,,,,
Cattle,Dairy Cattle,Daily Spread,Daily Spread,,,,,,,,,,,,,,,,,0.22,0.15,0.6,0.07,0.05,0.6,,,,,,,
Swine,Swine,Pit Storage,Pit Storage,,,,,,,,,,,,,,,,,0.25,0.15,0.3,0.25,0.15,0.3,,,,,,,
Cattle,Dairy Cattle,Pit Storage,Pit Storage,,,,,,,,,,,,,,,,,0.28,0.1,0.4,0.28,0.1,0.4,,,,,,,
Cattle,Dairy Cattle,Dry Lot,Dry Lot,,,,,,,,,,,,,,,,,0.3,0.1,0.35,0.2,0.1,0.35,,,,,,,
Horses,Horses,Deep Bedding,Deep Bedding,,,,,,,,,,,,,,,,,0.35,0.15,0.4,0.25,0.1,0.3,,,,,,,
Other,Fur-Bearing Animals,Deep Bedding,Deep Bedding,,,,,,,,,,,,,,,,,0.35,0.15,0.4,0.25,0.1,0.3,,,,,,,
Sheep,Sheep,Deep Bedding,Deep Bedding,,,,,,,,,,,,,,,,,0.35,0.15,0.4,0.25,0.1,0.3,,,,,,,
Cattle,Dairy Cattle,Liquid/Slurry,Liquid/Slurry,,,,,,,,,,,,,,,,,0.4,0.15,0.45,0.4,0.15,0.45,,,,,,,
Cattle,Dairy Cattle,Solid Storage,Solid Storage,,,,,,,,,,,,,,,,,0.4,0.1,0.65,0.3,0.1,0.4,,,,,,,
Cattle,Other Cattle,Deep Bedding,Deep Bedding,,,,,,,,,,,,,,,,,0.4,0.1,0.5,0.3,0.2,0.4,,,,,,,
Cattle,Other Cattle,Dry Lot,Dry Lot,,,,,,,,,,,,,,,,,0.4,0.2,0.5,0.3,0.2,0.5,,,,,,,
Swine,Swine,Liquid/Slurry,Liquid/Slurry,,,,,,,,,,,,,,,,,0.48,0.15,0.6,0.48,0.15,0.6,,,,,,,
Cattle,Other Cattle,Solid Storage,Solid Storage,,,,,,,,,,,,,,,,,0.5,0.2,0.7,0.45,0.1,0.65,,,,,,,
Poultry,Poultry,Poultry Manure,Poultry Manure w/ Litter,,,,,,,,,,,,,,,,,0.5,0.2,0.8,0.4,0.1,0.6,,,,,,,
Swine,Swine,Deep Bedding,Deep Bedding,,,,,,,,,,,,,,,,,0.5,0.1,0.6,0.4,0.1,0.6,,,,,,,
Swine,Swine,Solid Storage,Solid Storage,,,,,,,,,,,,,,,,,0.5,0.2,0.7,0.45,0.1,0.65,,,,,,,
Poultry,Poultry,Poultry Manure,Poultry Manure w/o Litter,,,,,,,,,,,,,,,,,0.55,0.4,0.7,0.55,0.4,0.7,,,,,,,
Cattle,Dairy Cattle,Anaerobic Lagoon,Anaerobic Lagoon,,,,,,,,,,,,,,,,,0.77,0.55,0.99,0.35,0.2,0.8,,,,,,,
Poultry,Poultry,Anaerobic Lagoon,Anaerobic Lagoon,,,,,,,,,,,,,,,,,0.77,0.5,0.99,0.4,0.25,0.75,,,,,,,
Swine,Swine,Anaerobic Lagoon,Anaerobic Lagoon,,,,,,,,,,,,,,,,,0.78,0.55,0.99,0.4,0.25,0.75,,,,,,,
Buffalo,Buffalo,,,Africa,All,,,,,,,,380,285,475,0.32,0.16,0.48,,,,,,,,,,,,,,
Swine,Breeding Swine,,,Africa,All,,,,,,,,28,22.4,33.6,0.55,0.275,0.825,,,,,,,,,,,,,,
Cattle,Dairy Cattle,,,Africa,All,,46,23,69,,,,275,247.5,302.5,0.6,0.3,0.9,,,,,,,,,,,,,,
Cattle,Other Cattle,,,Africa,All,,31,15.5,46.5,,,,173,129.75,216.25,0.63,0.315,0.945,,,,,,,,,,,,,,
Poultry,Turkeys,,,Africa,All,,,,,,,,64.8,51.84,77.76,0.74,0.37,1.11,,,,,,,,,,,,,,
Swine,Market Swine,,,Africa,All,,,,,,,,28,22.4,33.6,1.57,0.785,2.355,,,,,,,,,,,,,,
Camels,Camels,,,Africa,,,,,,,,,,,,0.46,0.23,0.69,,,,,,,,,,,,,,
Horses,Horses,,,Africa,,,,,,,,,,,,0.46,0.23,0.69,,,,,,,,,,,,,,
Mules and Asses,Mules and Asses,,,Africa,,,,,,,,,,,,0.46,0.23,0.69,,,,,,,,,,,,,,
Poultry,Pullets,,,Africa,,,,,,,,,,,,0.6,0.3,0.9,,,,,,,,,,,,,,
Poultry,Hens,,,Africa,,,,,,,,,,,,0.82,0.41,1.23,,,,,,,,,,,,,,
Poultry,Other Chickens,,,Africa,,,,,,,,,,,,0.82,0.41,1.23,,,,,,,,,,,,,,
Poultry,Poultry,,,Africa,,,,,,,,,,,,0.82,0.41,1.23,,,,,,,,,,,,,,
Poultry,Ducks,,,Africa,,,,,,,,,,,,0.83,0.415,1.245,,,,,,,,,,,,,,
Poultry,Broilers,,,Africa,,,,,,,,,,,,1.1,0.55,1.65,,,,,,,,,,,,,,
Sheep,Sheep,,,Africa,,,,,,,,,,,,1.17,0.585,1.755,,,,,,,,,,,,,,
Goats,Goats,,,Africa,,,,,,,,,,,,1.37,0.685,2.055,,,,,,,,,,,,,,
Swine,Swine,,,Africa,,,,,,,,,,,,1.64,0.82,2.46,,,,,,,,,,,,,,
Swine,Breeding Swine,,,Asia,All,,,,,,,,28,22.4,33.6,0.24,0.12,0.36,,,,,,,,,,,,,,
Buffalo,Buffalo,,,Asia,All,,,,,,,,380,285,475,0.32,0.16,0.48,,,,,,,,,,,,,,
Cattle,Other Cattle,,,Asia,All,,47,23.5,70.5,,,,319,239.25,398.75,0.34,0.17,0.51,,,,,,,,,,,,,,
Swine,Market Swine,,,Asia,All,,,,,,,,28,22.4,33.6,0.42,0.21,0.63,,,,,,,,,,,,,,
Cattle,Dairy Cattle,,,Asia,All,,68,34,102,,,,350,315,385,0.47,0.235,0.705,,,,,,,,,,,,,,
Swine,Swine,,,Asia,All,,,,,,,,28,22.4,33.6,0.5,0.25,0.75,,,,,,,,,,,,,,
Camels,Camels,,,Asia,,,,,,,,,,,,0.46,0.23,0.69,,,,,,,,,,,,,,
Horses,Horses,,,Asia,,,,,,,,,,,,0.46,0.23,0.69,,,,,,,,,,,,,,
Mules and Asses,Mules and Asses,,,Asia,,,,,,,,,,,,0.46,0.23,0.69,,,,,,,,,,,,,,
Poultry,Pullets,,,Asia,,,,,,,,,,,,0.6,0.3,0.9,,,,,,,,,,,,,,
Poultry,Turkeys,,,Asia,,,,,,,,,,,,0.74,0.37,1.11,,,,,,,,,,,,,,
Poultry,Hens,,,Asia,,,,,,,,,,,,0.82,0.41,1.23,,,,,,,,,,,,,,
Poultry,Other Chickens,,,Asia,,,,,,,,,,,,0.82,0.41,1.23,,,,,,,,,,,,,,
Poultry,Poultry,,,Asia,,,,,,,,,,,,0.82,0.41,1.23,,,,,,,,,,,,,,
Poultry,Ducks,,,Asia,,,,,,,,,,,,0.83,0.415,1.245,,,,,,,,,,,,,,
Poultry,Broilers,,,Asia,,,,,,,,,,,,1.1,0.55,1.65,,,,,,,,,,,,,,
Sheep,Sheep,,,Asia,,,,,,,,,,,,1.17,0.585,1.755,,,,,,,,,,,,,,
Goats,Goats,,,Asia,,,,,,,,,,,,1.37,0.685,2.055,,,,,,,,,,,,,,
Buffalo,Buffalo,,,Eastern Europe,All,,,,,,,,380,285,475,0.32,0.16,0.48,,,,,,,,,,,,,,
Cattle,Other Cattle,,,Eastern Europe,All,,58,29,87,,,,391,293.25,488.75,0.35,0.175,0.525,,,,,,,,,,,,,,
Cattle,Dairy Cattle,,,Eastern Europe,All,,99,49.5,148.5,,,,550,495,605,0.35,0.175,0.525,,,,,,,,,,,,,,
Swine,Breeding Swine,,,Eastern Europe,All,,,,,,,,180,144,216,0.46,0.23,0.69,,,,,,,,,,,,,,
Swine,Market Swine,,,Eastern Europe,All,,,,,,,,50,40,60,0.55,0.275,0.825,,,,,,,,,,,,,,
Swine,Swine,,,Eastern Europe,All,,,,,,,,28,22.4,33.6,0.74,0.37,1.11,,,,,,,,,,,,,,
Horses,Horses,,,Eastern Europe,,,,,,,,,,,,0.3,0.15,0.45,,,,,,,,,,,,,,
Mules and Asses,Mules and Asses,,,Eastern Europe,,,,,,,,,,,,0.3,0.15,0.45,,,,,,,,,,,,,,
Camels,Camels,,,Eastern Europe,,,,,,,,,,,,0.38,0.19,0.57,,,,,,,,,,,,,,
Poultry,Pullets,,,Eastern Europe,,,,,,,,,,,,0.6,0.3,0.9,,,,,,,,,,,,,,
Poultry,Turkeys,,,Eastern Europe,,,,,,,,,,,,0.74,0.37,1.11,,,,,,,,,,,,,,
Poultry,Hens,,,Eastern Europe,,,,,,,,,,,,0.82,0.41,1.23,,,,,,,,,,,,,,
Poultry,Other Chickens,,,Eastern Europe,,,,,,,,,,,,0.82,0.41,1.23,,,,,,,,,,,,,,
Poultry,Poultry,,,Eastern Europe,,,,,,,,,,,,0.82,0.41,1.23,,,,,,,,,,,,,,
Poultry,Ducks,,,Eastern Europe,,,,,,,,,,,,0.83,0.415,1.245,,,,,,,,,,,,,,
Sheep,Sheep,,,Eastern Europe,,,,,,,,,,,,0.9,0.45,1.35,,,,,,,,,,,,,,
Poultry,Broilers,,,Eastern Europe,,,,,,,,,,,,1.1,0.55,1.65,,,,,,,,,,,,,,
Goats,Goats,,,Eastern Europe,,,,,,,,,,,,1.28,0.64,1.92,,,,,,,,,,,,,,
Other,Rabbits,,All,Global,All,All,,,,0.08,0.056,0.104,1.6,1.12,2.08,8.1,4.05,12.15,,,,,,,,,,,,0.01,0.003,0.03
Buffalo,Buffalo,,,Latin America,All,,,,,,,,380,285,475,0.32,0.16,0.48,,,,,,,,,,,,,,
Cattle,Other Cattle,,,Latin America,All,,56,28,84,,,,305,228.75,381.25,0.36,0.18,0.54,,,,,,,,,,,,,,
Cattle,Dairy Cattle,,,Latin America,All,,72,36,108,,,,400,360,440,0.48,0.24,0.72,,,,,,,,,,,,,,
Swine,Breeding Swine,,,Latin America,All,,,,,,,,28,22.4,33.6,0.55,0.275,0.825,,,,,,,,,,,,,,
Swine,Market Swine,,,Latin America,All,,,,,,,,28,22.4,33.6,1.57,0.785,2.355,,,,,,,,,,,,,,
Swine,Swine,,,Latin America,All,,,,,,,,63,50.4,75.6,1.64,0.82,2.46,,,,,,,,,,,,,,
Camels,Camels,,,Latin America,,,,,,,,,,,,0.46,0.23,0.69,,,,,,,,,,,,,,
Horses,Horses,,,Latin America,,,,,,,,,,,,0.46,0.23,0.69,,,,,,,,,,,,,,
Mules and Asses,Mules and Asses,,,Latin America,,,,,,,,,,,,0.46,0.23,0.69,,,,,,,,,,,,,,
Poultry,Pullets,,,Latin America,,,,,,,,,,,,0.6,0.3,0.9,,,,,,,,,,,,,,
Poultry,Turkeys,,,Latin America,,,,,,,,,,,,0.74,0.37,1.11,,,,,,,,,,,,,,
Poultry,Hens,,,Latin America,,,,,,,,,,,,0.82,0.41,1.23,,,,,,,,,,,,,,
Poultry,Other Chickens,,,Latin America,,,,,,,,,,,,0.82,0.41,1.23,,,,,,,,,,,,,,
Poultry,Poultry,,,Latin America,,,,,,,,,,,,0.82,0.41,1.23,,,,,,,,,,,,,,
Poultry,Ducks,,,Latin America,,,,,,,,,,,,0.83,0.415,1.245,,,,,,,,,,,,,,
Poultry,Broilers,,,Latin America,,,,,,,,,,,,1.1,0.55,1.65,,,,,,,,,,,,,,
Sheep,Sheep,,,Latin America,,,,,,,,,,,,1.17,0.585,1.755,,,,,,,,,,,,,,
Goats,Goats,,,Latin America,,,,,,,,,,,,1.37,0.685,2.055,,,,,,,,,,,,,,
Buffalo,Buffalo,,,Middle East,All,,,,,,,,380,285,475,0.32,0.16,0.48,,,,,,,,,,,,,,
Swine,Breeding Swine,,,Middle East,All,,,,,,,,28,22.4,33.6,0.55,0.275,0.825,,,,,,,,,,,,,,
Cattle,Dairy Cattle,,,Middle East,All,,46,23,69,,,,275,247.5,302.5,0.7,0.35,1.05,,,,,,,,,,,,,,
Cattle,Other Cattle,,,Middle East,All,,31,15.5,46.5,,,,173,129.75,216.25,0.79,0.395,1.185,,,,,,,,,,,,,,
Swine,Market Swine,,,Middle East,All,,,,,,,,28,22.4,33.6,1.57,0.785,2.355,,,,,,,,,,,,,,
Swine,Swine,,,Middle East,All,,,,,,,,28,22.4,33.6,1.64,0.82,2.46,,,,,,,,,,,,,,
Camels,Camels,,,Middle East,,,,,,,,,,,,0.46,0.23,0.69,,,,,,,,,,,,,,
Horses,Horses,,,Middle East,,,,,,,,,,,,0.46,0.23,0.69,,,,,,,,,,,,,,
Mules and Asses,Mules and Asses,,,Middle East,,,,,,,,,,,,0.46,0.23,0.69,,,,,,,,,,,,,,
Poultry,Pullets,,,Middle East,,,,,,,,,,,,0.6,0.3,0.9,,,,,,,,,,,,,,
Poultry,Turkeys,,,Middle East,,,,,,,,,,,,0.74,0.37,1.11,,,,,,,,,,,,,,
Poultry,Hens,,,Middle East,,,,,,,,,,,,0.82,0.41,1.23,,,,,,,,,,,,,,
Poultry,Other Chickens,,,Middle East,,,,,,,,,,,,0.82,0.41,1.23,,,,,,,,,,,,,,
Poultry,Poultry,,,Middle East,,,,,,,,,,,,0.82,0.41,1.23,,,,,,,,,,,,,,
Poultry,Ducks,,,Middle East,,,,,,,,,,,,0.83,0.415,1.245,,,,,,,,,,,,,,
Poultry,Broilers,,,Middle East,,,,,,,,,,,,1.1,0.55,1.65,,,,,,,,,,,,,,
Sheep,Sheep,,,Middle East,,,,,,,,,,,,1.17,0.585,1.755,,,,,,,,,,,,,,
Goats,Goats,,,Middle East,,,,,,,,,,,,1.37,0.685,2.055,,,,,,,,,,,,,,
Swine,Breeding Swine,,,North America,All,,,,,,,,198,158.4,237.6,0.24,0.12,0.36,,,,,,,,,,,,,,
Cattle,Other Cattle,,,North America,All,,53,26.5,79.5,,,,389,291.75,486.25,0.31,0.155,0.465,,,,,,,,,,,,,,
Buffalo,Buffalo,,,North America,All,,,,,,,,380,285,475,0.32,0.16,0.48,,,,,,,,,,,,,,
Swine,Market Swine,,,North America,All,,,,,,,,46,36.8,55.2,0.42,0.21,0.63,,,,,,,,,,,,,,
Cattle,Dairy Cattle,,,North America,All,,128,64,192,,,,604,543.6,664.4,0.44,0.22,0.66,,,,,,,,,,,,,,
Swine,Swine,,,North America,All,,,,,,,,28,22.4,33.6,0.5,0.25,0.75,,,,,,,,,,,,,,
Horses,Horses,,,North America,,,,,,,,,,,,0.3,0.15,0.45,,,,,,,,,,,,,,
Mules and Asses,Mules and Asses,,,North America,,,,,,,,,,,,0.3,0.15,0.45,,,,,,,,,,,,,,
Camels,Camels,,,North America,,,,,,,,,,,,0.38,0.19,0.57,,,,,,,,,,,,,,
Sheep,Sheep,,,North America,,,,,,,,,,,,0.42,0.21,0.63,,,,,,,,,,,,,,
Goats,Goats,,,North America,,,,,,,,,,,,0.45,0.225,0.675,,,,,,,,,,,,,,
Poultry,Pullets,,,North America,,,,,,,,,,,,0.62,0.31,0.93,,,,,,,,,,,,,,
Poultry,Turkeys,,,North America,,,,,,,,,,,,0.74,0.37,1.11,,,,,,,,,,,,,,
Poultry,Ducks,,,North America,,,,,,,,,,,,0.83,0.415,1.245,,,,,,,,,,,,,,
Poultry,Hens,,,North America,,,,,,,,,,,,0.83,0.415,1.245,,,,,,,,,,,,,,
Poultry,Other Chickens,,,North America,,,,,,,,,,,,0.83,0.415,1.245,,,,,,,,,,,,,,
Poultry,Poultry,,,North America,,,,,,,,,,,,0.83,0.415,1.245,,,,,,,,,,,,,,
Poultry,Broilers,,,North America,,,,,,,,,,,,1.1,0.55,1.65,,,,,,,,,,,,,,
Buffalo,Buffalo,,,Oceania,All,,,,,,,,380,285,475,0.32,0.16,0.48,,,,,,,,,,,,,,
Cattle,Dairy Cattle,,,Oceania,All,,90,45,135,,,,500,450,550,0.44,0.22,0.66,,,,,,,,,,,,,,
Swine,Breeding Swine,,,Oceania,All,,,,,,,,180,144,216,0.46,0.23,0.69,,,,,,,,,,,,,,
Cattle,Other Cattle,,,Oceania,All,,60,30,90,,,,330,247.5,412.5,0.5,0.25,0.75,,,,,,,,,,,,,,
Swine,Market Swine,,,Oceania,All,,,,,,,,45,36,54,0.53,0.265,0.795,,,,,,,,,,,,,,
Swine,Swine,,,Oceania,All,,,,,,,,61.2,48.96,73.44,0.73,0.365,1.095,,,,,,,,,,,,,,
Horses,Horses,,,Oceania,,,,,,,,,,,,0.3,0.15,0.45,,,,,,,,,,,,,,
Mules and Asses,Mules and Asses,,,Oceania,,,,,,,,,,,,0.3,0.15,0.45,,,,,,,,,,,,,,
Camels,Camels,,,Oceania,,,,,,,,,,,,0.38,0.19,0.57,,,,,,,,,,,,,,
Poultry,Pullets,,,Oceania,,,,,,,,,,,,0.6,0.3,0.9,,,,,,,,,,,,,,
Poultry,Turkeys,,,Oceania,,,,,,,,,,,,0.74,0.37,1.11,,,,,,,,,,,,,,
Poultry,Hens,,,Oceania,,,,,,,,,,,,0.82,0.41,1.23,,,,,,,,,,,,,,
Poultry,Other Chickens,,,Oceania,,,,,,,,,,,,0.82,0.41,1.23,,,,,,,,,,,,,,
Poultry,Poultry,,,Oceania,,,,,,,,,,,,0.82,0.41,1.23,,,,,,,,,,,,,,
Poultry,Ducks,,,Oceania,,,,,,,,,,,,0.83,0.415,1.245,,,,,,,,,,,,,,
Poultry,Broilers,,,Oceania,,,,,,,,,,,,1.1,0.55,1.65,,,,,,,,,,,,,,
Sheep,Sheep,,,Oceania,,,,,,,,,,,,1.13,0.565,1.695,,,,,,,,,,,,,,
Goats,Goats,,,Oceania,,,,,,,,,,,,1.42,0.71,2.13,,,,,,,,,,,,,,
Buffalo,Buffalo,,,Western Europe,All,,,,,,,,380,285,475,0.32,0.16,0.48,,,,,,,,,,,,,,
Cattle,Other Cattle,,,Western Europe,All,,57,28.5,85.5,,,,420,315,525,0.33,0.165,0.495,,,,,,,,,,,,,,
Swine,Breeding Swine,,,Western Europe,All,,,,,,,,198,158.4,237.6,0.42,0.21,0.63,,,,,,,,,,,,,,
Cattle,Dairy Cattle,,,Western Europe,All,,117,58.5,175.5,,,,600,540,660,0.48,0.24,0.72,,,,,,,,,,,,,,
Swine,Market Swine,,,Western Europe,All,,,,,,,,50,40,60,0.51,0.255,0.765,,,,,,,,,,,,,,
Swine,Swine,,,Western Europe,All,,,,,,,,58.5,46.8,70.2,0.68,0.34,1.02,,,,,,,,,,,,,,
Horses,Horses,,,Western Europe,,,,,,,,,,,,0.26,0.13,0.39,,,,,,,,,,,,,,
Mules and Asses,Mules and Asses,,,Western Europe,,,,,,,,,,,,0.26,0.13,0.39,,,,,,,,,,,,,,
Camels,Camels,,,Western Europe,,,,,,,,,,,,0.38,0.19,0.57,,,,,,,,,,,,,,
Poultry,Pullets,,,Western Europe,,,,,,,,,,,,0.55,0.275,0.825,,,,,,,,,,,,,,
Poultry,Turkeys,,,Western Europe,,,,,,,,,,,,0.74,0.37,1.11,,,,,,,,,,,,,,
Poultry,Ducks,,,Western Europe,,,,,,,,,,,,0.83,0.415,1.245,,,,,,,,,,,,,,
Poultry,Other Chickens,,,Western Europe,,,,,,,,,,,,0.83,0.415,1.245,,,,,,,,,,,,,,
Poultry,Poultry,,,Western Europe,,,,,,,,,,,,0.83,0.415,1.245,,,,,,,,,,,,,,
Sheep,Sheep,,,Western Europe,,,,,,,,,,,,0.85,0.425,1.275,,,,,,,,,,,,,,
Poultry,Hens,,,Western Europe,,,,,,,,,,,,0.96,0.48,1.44,,,,,,,,,,,,,,
Poultry,Broilers,,,Western Europe,,,,,,,,,,,,1.1,0.55,1.65,,,,,,,,,,,,,,
Goats,Goats,,,Western Europe,,,,,,,,,,,,1.28,0.64,1.92,,,,,,,,,,,,,,
Other,Ferret,,,Global,,,,,,,,,,,,4.59,2.295,6.885,,,,,,,,,,,,,,
Other,Mink,,,Global,,,,,,,,,,,,4.59,2.295,6.885,,,,,,,,,,,,,,
Other,Fox,,,Global,,,,,,,,,,,,12.09,6.045,18.135,,,,,,,,,,,,,,
Other,Racoon,,,Global,,,,,,,,,,,,12.09,6.045,18.135,,,,,,,,,,,,,,
Goats,Goats,,,Global,All,,5,2.5,7.5,,,,40,,,,,,,,,,,,,,,,,0.01,0.003,0.03
Buffalo,Buffalo,,,Global,All,,55,27.5,82.5,,,,300,,,,,,,,,,,,,,,,,0.02,0.007,0.06
Sheep,Sheep,,,Global,Developed,,8,4,12,,,,48.5,33.95,63.05,,,,,,,,,,,,,,,,,
Sheep,Sheep,,,Global,Developing,,5,2.5,7.5,,,,28,19.6,36.4,,,,,,,,,,,,,,,,,
Cattle,Other Cattle,,,India Subcontinent,All,,27,13.5,40.5,,,,110,82.5,137.5,,,,,,,,,,,,,,,,,
Cattle,Dairy Cattle,,,India Subcontinent,All,,58,29,87,,,,275,247.5,302.5,,,,,,,,,,,,,,,,,
Buffalo,Buffalo,,,India Subcontinent,All,,,,,,,,295,221.25,368.75,,,,,,,,,,,,,,,,,
Poultry,Broilers,,,Global,Developed,All,,,,,,,0.9,0.63,1.17,,,,,,,,,,,,,,,,,
Poultry,Layers (dry),,,Global,Developed,All,,,,,,,1.8,1.26,2.34,,,,,,,,,,,,,,,,,
Poultry,Layers (wet),,,Global,Developed,All,,,,,,,1.8,1.26,2.34,,,,,,,,,,,,,,,,,
Poultry,Ducks,,,Global,Developed,All,,,,,,,2.7,1.89,3.51,,,,,,,,,,,,,,,,,
Poultry,Turkeys,,,Global,Developed,All,,,,,,,6.8,4.76,8.84,,,,,,,,,,,,,,,,,
Goats,Goats,,,Global,Developed,All,,,,,,,38.5,26.95,50.05,,,,,,,,,,,,,,,,,
Mules and Asses,Mules and Asses,,,Global,Developed,All,,,,,,,130,91,169,,,,,,,,,,,,,,,,,
Camels,Camels,,,Global,Developed,All,,,,,,,217,151.9,282.1,,,,,,,,,,,,,,,,,
Horses,Horses,,,Global,Developed,All,,,,,,,337,235.9,438.1,,,,,,,,,,,,,,,,,
Poultry,Poultry,,,Global,Developing,All,,,,,,,1.8,1.26,2.34,,,,,,,,,,,,,,,,,
Goats,Goats,,,Global,Developing,All,,,,,,,30,21,39,,,,,,,,,,,,,,,,,
Mules and Asses,Mules and Asses,,,Global,Developing,All,,,,,,,130,91,169,,,,,,,,,,,,,,,,,
Camels,Camels,,,Global,Developing,All,,,,,,,217,151.9,282.1,,,,,,,,,,,,,,,,,
Horses,Horses,,,Global,Developing,All,,,,,,,238,166.6,309.4,,,,,,,,,,,,,,,,,
Cattle,Other Cattle,,,Africa,All,10,,,,0,,,,,,,,,,,,,,,,,,,,,,
Cattle,Other Cattle,,,Africa,All,11,,,,0,,,,,,,,,,,,,,,,,,,,,,
Cattle,Other Cattle,,,Africa,All,12,,,,0,,,,,,,,,,,,,,,,,,,,,,
Cattle,Other Cattle,,,Africa,All,13,,,,0,,,,,,,,,,,,,,,,,,,,,,
Cattle,Other Cattle,,,Africa,All,14,,,,0,,,,,,,,,,,,,,,,,,,,,,
Swine,Swine,,,Africa,All,10,,,,0,,,,,,,,,,,,,,,,,,,,,,
Swine,Swine,,,Africa,All,11,,,,0,,,,,,,,,,,,,,,,,,,,,,
Swine,Swine,,,Africa,All,12,,,,0,,,,,,,,,,,,,,,,,,,,,,
Cattle,Dairy Cattle,,,Africa,All,10,,,,1,,,,,,,,,,,,,,,,,,,,,,
Cattle,Dairy Cattle,,,Africa,All,11,,,,1,,,,,,,,,,,,,,,,,,,,,,
Cattle,Dairy Cattle,,,Africa,All,12,,,,1,,,,,,,,,,,,,,,,,,,,,,
Cattle,Dairy Cattle,,,Africa,All,13,,,,1,,,,,,,,,,,,,,,,,,,,,,
Cattle,Dairy Cattle,,,Africa,All,14,,,,1,,,,,,,,,,,,,,,,,,,,,,
Cattle,Dairy Cattle,,,Africa,All,15,,,,1,,,,,,,,,,,,,,,,,,,,,,
Cattle,Dairy Cattle,,,Africa,All,16,,,,1,,,,,,,,,,,,,,,,,,,,,,
Cattle,Dairy Cattle,,,Africa,All,17,,,,1,,,,,,,,,,,,,,,,,,,,,,
Cattle,Dairy Cattle,,,Africa,All,18,,,,1,,,,,,,,,,,,,,,,,,,,,,
Cattle,Dairy Cattle,,,Africa,All,19,,,,1,,,,,,,,,,,,,,,,,,,,,,
Cattle,Dairy Cattle,,,Africa,All,20,,,,1,,,,,,,,,,,,,,,,,,,,,,
Cattle,Dairy Cattle,,,Africa,All,21,,,,1,,,,,,,,,,,,,,,,,,,,,,
Cattle,Dairy Cattle,,,Africa,All,22,,,,1,,,,,,,,,,,,,,,,,,,,,,
Cattle,Dairy Cattle,,,Africa,All,23,,,,1,,,,,,,,,,,,,,,,,,,,,,
Cattle,Dairy Cattle,,,Africa,All,24,,,,1,,,,,,,,,,,,,,,,,,,,,,
Cattle,Dairy Cattle,,,Africa,All,25,,,,1,,,,,,,,,,,,,,,,,,,,,,
Cattle,Dairy Cattle,,,Africa,All,26,,,,1,,,,,,,,,,,,,,,,,,,,,,
Cattle,Dairy Cattle,,,Africa,All,27,,,,1,,,,,,,,,,,,,,,,,,,,,,
Cattle,Dairy Cattle,,,Africa,All,28,,,,1,,,,,,,,,,,,,,,,,,,,,,
Cattle,Other Cattle,,,Africa,All,15,,,,1,,,,,,,,,,,,,,,,,,,,,,
Cattle,Other Cattle,,,Africa,All,16,,,,1,,,,,,,,,,,,,,,,,,,,,,
Cattle,Other Cattle,,,Africa,All,17,,,,1,,,,,,,,,,,,,,,,,,,,,,
Cattle,Other Cattle,,,Africa,All,18,,,,1,,,,,,,,,,,,,,,,,,,,,,
Cattle,Other Cattle,,,Africa,All,19,,,,1,,,,,,,,,,,,,,,,,,,,,,
Cattle,Other Cattle,,,Africa,All,20,,,,1,,,,,,,,,,,,,,,,,,,,,,
Cattle,Other Cattle,,,Africa,All,21,,,,1,,,,,,,,,,,,,,,,,,,,,,
Cattle,Other Cattle,,,Africa,All,22,,,,1,,,,,,,,,,,,,,,,,,,,,,
Cattle,Other Cattle,,,Africa,All,23,,,,1,,,,,,,,,,,,,,,,,,,,,,
Cattle,Other Cattle,,,Africa,All,24,,,,1,,,,,,,,,,,,,,,,,,,,,,
Cattle,Other Cattle,,,Africa,All,25,,,,1,,,,,,,,,,,,,,,,,,,,,,
Cattle,Other Cattle,,,Africa,All,26,,,,1,,,,,,,,,,,,,,,,,,,,,,
Cattle,Other Cattle,,,Africa,All,27,,,,1,,,,,,,,,,,,,,,,,,,,,,
Cattle,Other Cattle,,,Africa,All,28,,,,1,,,,,,,,,,,,,,,,,,,,,,
Swine,Swine,,,Africa,All,13,,,,1,,,,,,,,,,,,,,,,,,,,,,
Swine,Swine,,,Africa,All,14,,,,1,,,,,,,,,,,,,,,,,,,,,,
Swine,Swine,,,Africa,All,15,,,,1,,,,,,,,,,,,,,,,,,,,,,
Swine,Swine,,,Africa,All,16,,,,1,,,,,,,,,,,,,,,,,,,,,,
Swine,Swine,,,Africa,All,17,,,,1,,,,,,,,,,,,,,,,,,,,,,
Swine,Swine,,,Africa,All,18,,,,1,,,,,,,,,,,,,,,,,,,,,,
Swine,Swine,,,Africa,All,19,,,,1,,,,,,,,,,,,,,,,,,,,,,
Swine,Swine,,,Africa,All,20,,,,1,,,,,,,,,,,,,,,,,,,,,,
Swine,Swine,,,Africa,All,21,,,,1,,,,,,,,,,,,,,,,,,,,,,
Swine,Swine,,,Africa,All,22,,,,1,,,,,,,,,,,,,,,,,,,,,,
Swine,Swine,,,Africa,All,23,,,,1,,,,,,,,,,,,,,,,,,,,,,
Swine,Swine,,,Africa,All,24,,,,1,,,,,,,,,,,,,,,,,,,,,,
Swine,Swine,,,Africa,All,25,,,,1,,,,,,,,,,,,,,,,,,,,,,
Swine,Swine,,,Africa,All,26,,,,1,,,,,,,,,,,,,,,,,,,,,,
Swine,Swine,,,Africa,All,27,,,,1,,,,,,,,,,,,,,,,,,,,,,
Swine,Swine,,,Africa,All,28,,,,2,,,,,,,,,,,,,,,,,,,,,,
Buffalo,Buffalo,,,Asia,All,10,,,,1,,,,,,,,,,,,,,,,,,,,,,
Buffalo,Buffalo,,,Asia,All,11,,,,1,,,,,,,,,,,,,,,,,,,,,,
Buffalo,Buffalo,,,Asia,All,12,,,,1,,,,,,,,,,,,,,,,,,,,,,
Buffalo,Buffalo,,,Asia,All,13,,,,1,,,,,,,,,,,,,,,,,,,,,,
Buffalo,Buffalo,,,Asia,All,14,,,,1,,,,,,,,,,,,,,,,,,,,,,
Cattle,Other Cattle,,,Asia,All,10,,,,1,,,,,,,,,,,,,,,,,,,,,,
Cattle,Other Cattle,,,Asia,All,11,,,,1,,,,,,,,,,,,,,,,,,,,,,
Cattle,Other Cattle,,,Asia,All,12,,,,1,,,,,,,,,,,,,,,,,,,,,,
Cattle,Other Cattle,,,Asia,All,13,,,,1,,,,,,,,,,,,,,,,,,,,,,
Cattle,Other Cattle,,,Asia,All,14,,,,1,,,,,,,,,,,,,,,,,,,,,,
Cattle,Other Cattle,,,Asia,All,15,,,,1,,,,,,,,,,,,,,,,,,,,,,
Cattle,Other Cattle,,,Asia,All,16,,,,1,,,,,,,,,,,,,,,,,,,,,,
Cattle,Other Cattle,,,Asia,All,17,,,,1,,,,,,,,,,,,,,,,,,,,,,
Cattle,Other Cattle,,,Asia,All,18,,,,1,,,,,,,,,,,,,,,,,,,,,,
Cattle,Other Cattle,,,Asia,All,19,,,,1,,,,,,,,,,,,,,,,,,,,,,
Cattle,Other Cattle,,,Asia,All,20,,,,1,,,,,,,,,,,,,,,,,,,,,,
Cattle,Other Cattle,,,Asia,All,21,,,,1,,,,,,,,,,,,,,,,,,,,,,
Cattle,Other Cattle,,,Asia,All,22,,,,1,,,,,,,,,,,,,,,,,,,,,,
Cattle,Other Cattle,,,Asia,All,23,,,,1,,,,,,,,,,,,,,,,,,,,,,
Cattle,Other Cattle,,,Asia,All,24,,,,1,,,,,,,,,,,,,,,,,,,,,,
Cattle,Other Cattle,,,Asia,All,25,,,,1,,,,,,,,,,,,,,,,,,,,,,
Cattle,Other Cattle,,,Asia,All,26,,,,1,,,,,,,,,,,,,,,,,,,,,,
Cattle,Other Cattle,,,Asia,All,27,,,,1,,,,,,,,,,,,,,,,,,,,,,
Cattle,Other Cattle,,,Asia,All,28,,,,1,,,,,,,,,,,,,,,,,,,,,,
Buffalo,Buffalo,,,Asia,All,15,,,,2,,,,,,,,,,,,,,,,,,,,,,
Buffalo,Buffalo,,,Asia,All,16,,,,2,,,,,,,,,,,,,,,,,,,,,,
Buffalo,Buffalo,,,Asia,All,17,,,,2,,,,,,,,,,,,,,,,,,,,,,
Buffalo,Buffalo,,,Asia,All,18,,,,2,,,,,,,,,,,,,,,,,,,,,,
Buffalo,Buffalo,,,Asia,All,19,,,,2,,,,,,,,,,,,,,,,,,,,,,
Buffalo,Buffalo,,,Asia,All,20,,,,2,,,,,,,,,,,,,,,,,,,,,,
Buffalo,Buffalo,,,Asia,All,21,,,,2,,,,,,,,,,,,,,,,,,,,,,
Buffalo,Buffalo,,,Asia,All,22,,,,2,,,,,,,,,,,,,,,,,,,,,,
Buffalo,Buffalo,,,Asia,All,23,,,,2,,,,,,,,,,,,,,,,,,,,,,
Buffalo,Buffalo,,,Asia,All,24,,,,2,,,,,,,,,,,,,,,,,,,,,,
Buffalo,Buffalo,,,Asia,All,25,,,,2,,,,,,,,,,,,,,,,,,,,,,
Buffalo,Buffalo,,,Asia,All,26,,,,2,,,,,,,,,,,,,,,,,,,,,,
Buffalo,Buffalo,,,Asia,All,27,,,,2,,,,,,,,,,,,,,,,,,,,,,
Buffalo,Buffalo,,,Asia,All,28,,,,2,,,,,,,,,,,,,,,,,,,,,,
Swine,Swine,,,Asia,All,10,,,,2,,,,,,,,,,,,,,,,,,,,,,
Swine,Swine,,,Asia,All,11,,,,2,,,,,,,,,,,,,,,,,,,,,,
Swine,Swine,,,Asia,All,12,,,,2,,,,,,,,,,,,,,,,,,,,,,
Swine,Swine,,,Asia,All,13,,,,2,,,,,,,,,,,,,,,,,,,,,,
Swine,Swine,,,Asia,All,14,,,,2,,,,,,,,,,,,,,,,,,,,,,
Swine,Swine,,,Asia,All,15,,,,3,,,,,,,,,,,,,,,,,,,,,,
Swine,Swine,,,Asia,All,16,,,,3,,,,,,,,,,,,,,,,,,,,,,
Swine,Swine,,,Asia,All,17,,,,3,,,,,,,,,,,,,,,,,,,,,,
Swine,Swine,,,Asia,All,18,,,,3,,,,,,,,,,,,,,,,,,,,,,
Swine,Swine,,,Asia,All,19,,,,4,,,,,,,,,,,,,,,,,,,,,,
Swine,Swine,,,Asia,All,20,,,,4,,,,,,,,,,,,,,,,,,,,,,
Swine,Swine,,,Asia,All,21,,,,4,,,,,,,,,,,,,,,,,,,,,,
Swine,Swine,,,Asia,All,22,,,,5,,,,,,,,,,,,,,,,,,,,,,
Swine,Swine,,,Asia,All,23,,,,5,,,,,,,,,,,,,,,,,,,,,,
Swine,Swine,,,Asia,All,24,,,,5,,,,,,,,,,,,,,,,,,,,,,
Swine,Swine,,,Asia,All,25,,,,6,,,,,,,,,,,,,,,,,,,,,,
Swine,Swine,,,Asia,All,26,,,,6,,,,,,,,,,,,,,,,,,,,,,
Swine,Swine,,,Asia,All,27,,,,7,,,,,,,,,,,,,,,,,,,,,,
Swine,Swine,,,Asia,All,28,,,,7,,,,,,,,,,,,,,,,,,,,,,
Cattle,Dairy Cattle,,,Asia,All,10,,,,9,,,,,,,,,,,,,,,,,,,,,,
Cattle,Dairy Cattle,,,Asia,All,11,,,,10,,,,,,,,,,,,,,,,,,,,,,
Cattle,Dairy Cattle,,,Asia,All,12,,,,10,,,,,,,,,,,,,,,,,,,,,,
Cattle,Dairy Cattle,,,Asia,All,13,,,,11,,,,,,,,,,,,,,,,,,,,,,
Cattle,Dairy Cattle,,,Asia,All,14,,,,12,,,,,,,,,,,,,,,,,,,,,,
Cattle,Dairy Cattle,,,Asia,All,15,,,,13,,,,,,,,,,,,,,,,,,,,,,
Cattle,Dairy Cattle,,,Asia,All,16,,,,14,,,,,,,,,,,,,,,,,,,,,,
Cattle,Dairy Cattle,,,Asia,All,17,,,,15,,,,,,,,,,,,,,,,,,,,,,
Cattle,Dairy Cattle,,,Asia,All,18,,,,16,,,,,,,,,,,,,,,,,,,,,,
Cattle,Dairy Cattle,,,Asia,All,19,,,,17,,,,,,,,,,,,,,,,,,,,,,
Cattle,Dairy Cattle,,,Asia,All,20,,,,18,,,,,,,,,,,,,,,,,,,,,,
Cattle,Dairy Cattle,,,Asia,All,21,,,,20,,,,,,,,,,,,,,,,,,,,,,
Cattle,Dairy Cattle,,,Asia,All,22,,,,21,,,,,,,,,,,,,,,,,,,,,,
Cattle,Dairy Cattle,,,Asia,All,23,,,,23,,,,,,,,,,,,,,,,,,,,,,
Cattle,Dairy Cattle,,,Asia,All,24,,,,24,,,,,,,,,,,,,,,,,,,,,,
Cattle,Dairy Cattle,,,Asia,All,25,,,,25,,,,,,,,,,,,,,,,,,,,,,
Cattle,Dairy Cattle,,,Asia,All,26,,,,26,,,,,,,,,,,,,,,,,,,,,,
Cattle,Dairy Cattle,,,Asia,All,27,,,,31,,,,,,,,,,,,,,,,,,,,,,
Cattle,Dairy Cattle,,,Asia,All,28,,,,31,,,,,,,,,,,,,,,,,,,,,,
Swine,Market Swine,,,Eastern Europe,All,10,,,,3,,,,,,,,,,,,,,,,,,,,,,
Swine,Market Swine,,,Eastern Europe,All,11,,,,3,,,,,,,,,,,,,,,,,,,,,,
Swine,Market Swine,,,Eastern Europe,All,12,,,,3,,,,,,,,,,,,,,,,,,,,,,
Swine,Market Swine,,,Eastern Europe,All,13,,,,3,,,,,,,,,,,,,,,,,,,,,,
Swine,Market Swine,,,Eastern Europe,All,14,,,,3,,,,,,,,,,,,,,,,,,,,,,
Swine,Breeding Swine,,,Eastern Europe,All,10,,,,4,,,,,,,,,,,,,,,,,,,,,,
Swine,Market Swine,,,Eastern Europe,All,15,,,,4,,,,,,,,,,,,,,,,,,,,,,
Swine,Market Swine,,,Eastern Europe,All,16,,,,4,,,,,,,,,,,,,,,,,,,,,,
Swine,Market Swine,,,Eastern Europe,All,17,,,,4,,,,,,,,,,,,,,,,,,,,,,
Swine,Market Swine,,,Eastern Europe,All,18,,,,4,,,,,,,,,,,,,,,,,,,,,,
Buffalo,Buffalo,,,Eastern Europe,All,10,,,,5,,,,,,,,,,,,,,,,,,,,,,
Buffalo,Buffalo,,,Eastern Europe,All,11,,,,5,,,,,,,,,,,,,,,,,,,,,,
Buffalo,Buffalo,,,Eastern Europe,All,12,,,,5,,,,,,,,,,,,,,,,,,,,,,
Swine,Breeding Swine,,,Eastern Europe,All,11,,,,5,,,,,,,,,,,,,,,,,,,,,,
Swine,Breeding Swine,,,Eastern Europe,All,12,,,,5,,,,,,,,,,,,,,,,,,,,,,
Swine,Breeding Swine,,,Eastern Europe,All,13,,,,5,,,,,,,,,,,,,,,,,,,,,,
Swine,Breeding Swine,,,Eastern Europe,All,14,,,,5,,,,,,,,,,,,,,,,,,,,,,
Swine,Market Swine,,,Eastern Europe,All,19,,,,5,,,,,,,,,,,,,,,,,,,,,,
Swine,Market Swine,,,Eastern Europe,All,20,,,,5,,,,,,,,,,,,,,,,,,,,,,
Swine,Market Swine,,,Eastern Europe,All,21,,,,5,,,,,,,,,,,,,,,,,,,,,,
Buffalo,Buffalo,,,Eastern Europe,All,13,,,,6,,,,,,,,,,,,,,,,,,,,,,
Buffalo,Buffalo,,,Eastern Europe,All,14,,,,6,,,,,,,,,,,,,,,,,,,,,,
Cattle,Other Cattle,,,Eastern Europe,All,10,,,,6,,,,,,,,,,,,,,,,,,,,,,
Cattle,Other Cattle,,,Eastern Europe,All,11,,,,6,,,,,,,,,,,,,,,,,,,,,,
Swine,Breeding Swine,,,Eastern Europe,All,15,,,,6,,,,,,,,,,,,,,,,,,,,,,
Swine,Market Swine,,,Eastern Europe,All,22,,,,6,,,,,,,,,,,,,,,,,,,,,,
Swine,Market Swine,,,Eastern Europe,All,23,,,,6,,,,,,,,,,,,,,,,,,,,,,
Swine,Market Swine,,,Eastern Europe,All,24,,,,6,,,,,,,,,,,,,,,,,,,,,,
Buffalo,Buffalo,,,Eastern Europe,All,15,,,,7,,,,,,,,,,,,,,,,,,,,,,
Cattle,Other Cattle,,,Eastern Europe,All,12,,,,7,,,,,,,,,,,,,,,,,,,,,,
Cattle,Other Cattle,,,Eastern Europe,All,13,,,,7,,,,,,,,,,,,,,,,,,,,,,
Swine,Breeding Swine,,,Eastern Europe,All,16,,,,7,,,,,,,,,,,,,,,,,,,,,,
Swine,Breeding Swine,,,Eastern Europe,All,17,,,,7,,,,,,,,,,,,,,,,,,,,,,
Swine,Breeding Swine,,,Eastern Europe,All,18,,,,7,,,,,,,,,,,,,,,,,,,,,,
Swine,Market Swine,,,Eastern Europe,All,25,,,,7,,,,,,,,,,,,,,,,,,,,,,
Buffalo,Buffalo,,,Eastern Europe,All,16,,,,8,,,,,,,,,,,,,,,,,,,,,,
Buffalo,Buffalo,,,Eastern Europe,All,17,,,,8,,,,,,,,,,,,,,,,,,,,,,
Cattle,Other Cattle,,,Eastern Europe,All,14,,,,8,,,,,,,,,,,,,,,,,,,,,,
Swine,Breeding Swine,,,Eastern Europe,All,19,,,,8,,,,,,,,,,,,,,,,,,,,,,
Swine,Breeding Swine,,,Eastern Europe,All,20,,,,8,,,,,,,,,,,,,,,,,,,,,,
Buffalo,Buffalo,,,Eastern Europe,All,18,,,,9,,,,,,,,,,,,,,,,,,,,,,
Cattle,Other Cattle,,,Eastern Europe,All,15,,,,9,,,,,,,,,,,,,,,,,,,,,,
Swine,Breeding Swine,,,Eastern Europe,All,21,,,,9,,,,,,,,,,,,,,,,,,,,,,
Swine,Breeding Swine,,,Eastern Europe,All,22,,,,9,,,,,,,,,,,,,,,,,,,,,,
Buffalo,Buffalo,,,Eastern Europe,All,19,,,,10,,,,,,,,,,,,,,,,,,,,,,
Cattle,Other Cattle,,,Eastern Europe,All,16,,,,10,,,,,,,,,,,,,,,,,,,,,,
Swine,Breeding Swine,,,Eastern Europe,All,23,,,,10,,,,,,,,,,,,,,,,,,,,,,
Swine,Market Swine,,,Eastern Europe,All,26,,,,10,,,,,,,,,,,,,,,,,,,,,,
Swine,Market Swine,,,Eastern Europe,All,27,,,,10,,,,,,,,,,,,,,,,,,,,,,
Swine,Market Swine,,,Eastern Europe,All,28,,,,10,,,,,,,,,,,,,,,,,,,,,,
Buffalo,Buffalo,,,Eastern Europe,All,20,,,,11,,,,,,,,,,,,,,,,,,,,,,
Buffalo,Buffalo,,,Eastern Europe,All,21,,,,11,,,,,,,,,,,,,,,,,,,,,,
Cattle,Dairy Cattle,,,Eastern Europe,All,10,,,,11,,,,,,,,,,,,,,,,,,,,,,
Cattle,Other Cattle,,,Eastern Europe,All,17,,,,11,,,,,,,,,,,,,,,,,,,,,,
Cattle,Other Cattle,,,Eastern Europe,All,18,,,,11,,,,,,,,,,,,,,,,,,,,,,
Swine,Breeding Swine,,,Eastern Europe,All,24,,,,11,,,,,,,,,,,,,,,,,,,,,,
Buffalo,Buffalo,,,Eastern Europe,All,22,,,,12,,,,,,,,,,,,,,,,,,,,,,
Cattle,Dairy Cattle,,,Eastern Europe,All,11,,,,12,,,,,,,,,,,,,,,,,,,,,,
Cattle,Other Cattle,,,Eastern Europe,All,19,,,,12,,,,,,,,,,,,,,,,,,,,,,
Swine,Breeding Swine,,,Eastern Europe,All,25,,,,12,,,,,,,,,,,,,,,,,,,,,,
Buffalo,Buffalo,,,Eastern Europe,All,23,,,,13,,,,,,,,,,,,,,,,,,,,,,
Cattle,Dairy Cattle,,,Eastern Europe,All,12,,,,13,,,,,,,,,,,,,,,,,,,,,,
Cattle,Other Cattle,,,Eastern Europe,All,20,,,,13,,,,,,,,,,,,,,,,,,,,,,
Cattle,Dairy Cattle,,,Eastern Europe,All,13,,,,14,,,,,,,,,,,,,,,,,,,,,,
Cattle,Other Cattle,,,Eastern Europe,All,21,,,,14,,,,,,,,,,,,,,,,,,,,,,
Buffalo,Buffalo,,,Eastern Europe,All,24,,,,15,,,,,,,,,,,,,,,,,,,,,,
Cattle,Dairy Cattle,,,Eastern Europe,All,14,,,,15,,,,,,,,,,,,,,,,,,,,,,
Cattle,Other Cattle,,,Eastern Europe,All,22,,,,15,,,,,,,,,,,,,,,,,,,,,,
Buffalo,Buffalo,,,Eastern Europe,All,25,,,,16,,,,,,,,,,,,,,,,,,,,,,
Cattle,Other Cattle,,,Eastern Europe,All,23,,,,16,,,,,,,,,,,,,,,,,,,,,,
Swine,Breeding Swine,,,Eastern Europe,All,26,,,,16,,,,,,,,,,,,,,,,,,,,,,
Buffalo,Buffalo,,,Eastern Europe,All,26,,,,17,,,,,,,,,,,,,,,,,,,,,,
Swine,Breeding Swine,,,Eastern Europe,All,27,,,,17,,,,,,,,,,,,,,,,,,,,,,
Swine,Breeding Swine,,,Eastern Europe,All,28,,,,17,,,,,,,,,,,,,,,,,,,,,,
Cattle,Other Cattle,,,Eastern Europe,All,24,,,,18,,,,,,,,,,,,,,,,,,,,,,
Buffalo,Buffalo,,,Eastern Europe,All,27,,,,19,,,,,,,,,,,,,,,,,,,,,,
Buffalo,Buffalo,,,Eastern Europe,All,28,,,,19,,,,,,,,,,,,,,,,,,,,,,
Cattle,Other Cattle,,,Eastern Europe,All,25,,,,19,,,,,,,,,,,,,,,,,,,,,,
Cattle,Dairy Cattle,,,Eastern Europe,All,15,,,,20,,,,,,,,,,,,,,,,,,,,,,
Cattle,Dairy Cattle,,,Eastern Europe,All,16,,,,21,,,,,,,,,,,,,,,,,,,,,,
Cattle,Other Cattle,,,Eastern Europe,All,26,,,,21,,,,,,,,,,,,,,,,,,,,,,
Cattle,Dairy Cattle,,,Eastern Europe,All,17,,,,22,,,,,,,,,,,,,,,,,,,,,,
Cattle,Dairy Cattle,,,Eastern Europe,All,18,,,,23,,,,,,,,,,,,,,,,,,,,,,
Cattle,Other Cattle,,,Eastern Europe,All,27,,,,23,,,,,,,,,,,,,,,,,,,,,,
Cattle,Other Cattle,,,Eastern Europe,All,28,,,,23,,,,,,,,,,,,,,,,,,,,,,
Cattle,Dairy Cattle,,,Eastern Europe,All,19,,,,25,,,,,,,,,,,,,,,,,,,,,,
Cattle,Dairy Cattle,,,Eastern Europe,All,20,,,,27,,,,,,,,,,,,,,,,,,,,,,
Cattle,Dairy Cattle,,,Eastern Europe,All,21,,,,28,,,,,,,,,,,,,,,,,,,,,,
Cattle,Dairy Cattle,,,Eastern Europe,All,22,,,,30,,,,,,,,,,,,,,,,,,,,,,
Cattle,Dairy Cattle,,,Eastern Europe,All,23,,,,33,,,,,,,,,,,,,,,,,,,,,,
Cattle,Dairy Cattle,,,Eastern Europe,All,24,,,,35,,,,,,,,,,,,,,,,,,,,,,
Cattle,Dairy Cattle,,,Eastern Europe,All,25,,,,37,,,,,,,,,,,,,,,,,,,,,,
Cattle,Dairy Cattle,,,Eastern Europe,All,26,,,,42,,,,,,,,,,,,,,,,,,,,,,
Cattle,Dairy Cattle,,,Eastern Europe,All,27,,,,45,,,,,,,,,,,,,,,,,,,,,,
Cattle,Dairy Cattle,,,Eastern Europe,All,28,,,,46,,,,,,,,,,,,,,,,,,,,,,
Other,Deer,,,Global,All,All,20,10,30,0.22,0.154,0.286,,,,,,,,,,,,,,,,,,,,
Poultry,Broilers,,All,Global,Developed,<15,,,,0.02,0.014,0.026,,,,,,,,,,,,,,,,,,,,
Poultry,Broilers,,All,Global,Developed,>25,,,,0.02,0.014,0.026,,,,,,,,,,,,,,,,,,,,
Poultry,Broilers,,All,Global,Developed,15-25,,,,0.02,0.014,0.026,,,,,,,,,,,,,,,,,,,,
Poultry,Ducks,,All,Global,Developed,<15,,,,0.02,0.014,0.026,,,,,,,,,,,,,,,,,,,,
Poultry,Ducks,,All,Global,Developed,>25,,,,0.03,0.021,0.039,,,,,,,,,,,,,,,,,,,,
Poultry,Ducks,,All,Global,Developed,15-25,,,,0.03,0.021,0.039,,,,,,,,,,,,,,,,,,,,
Poultry,Layers (dry),,All,Global,Developed,<15,,,,0.03,0.021,0.039,,,,,,,,,,,,,,,,,,,,
Poultry,Layers (dry),,All,Global,Developed,>25,,,,0.03,0.021,0.039,,,,,,,,,,,,,,,,,,,,
Poultry,Layers (dry),,All,Global,Developed,15-25,,,,0.03,0.021,0.039,,,,,,,,,,,,,,,,,,,,
Poultry,Turkeys,,All,Global,Developed,<15,,,,0.09,0.063,0.117,,,,,,,,,,,,,,,,,,,,
Poultry,Turkeys,,All,Global,Developed,>25,,,,0.09,0.063,0.117,,,,,,,,,,,,,,,,,,,,
Poultry,Turkeys,,All,Global,Developed,15-25,,,,0.09,0.063,0.117,,,,,,,,,,,,,,,,,,,,
Goats,Goats,,All,Global,Developed,<15,,,,0.13,0.091,0.169,,,,,,,,,,,,,,,,,,,,
Sheep,Sheep,,All,Global,Developed,<15,,,,0.19,0.133,0.247,,,,,,,,,,,,,,,,,,,,
Goats,Goats,,All,Global,Developed,15-25,,,,0.2,0.14,0.26,,,,,,,,,,,,,,,,,,,,
Goats,Goats,,All,Global,Developed,>25,,,,0.26,0.182,0.338,,,,,,,,,,,,,,,,,,,,
Sheep,Sheep,,All,Global,Developed,15-25,,,,0.28,0.196,0.364,,,,,,,,,,,,,,,,,,,,
Sheep,Sheep,,All,Global,Developed,>25,,,,0.37,0.259,0.481,,,,,,,,,,,,,,,,,,,,
Mules and Asses,Mules and Asses,,All,Global,Developed,<15,,,,0.76,0.532,0.988,,,,,,,,,,,,,,,,,,,,
Poultry,Poultry,,All,Global,Developing,<15,,,,0.01,0.007,0.013,,,,,,,,,,,,,,,,,,,,
Poultry,Poultry,,All,Global,Developing,>25,,,,0.02,0.014,0.026,,,,,,,,,,,,,,,,,,,,
Poultry,Poultry,,All,Global,Developing,15-25,,,,0.02,0.014,0.026,,,,,,,,,,,,,,,,,,,,
Sheep,Sheep,,All,Global,Developing,<15,,,,0.1,0.07,0.13,,,,,,,,,,,,,,,,,,,,
Goats,Goats,,All,Global,Developing,<15,,,,0.11,0.077,0.143,,,,,,,,,,,,,,,,,,,,
Sheep,Sheep,,All,Global,Developing,15-25,,,,0.15,0.105,0.195,,,,,,,,,,,,,,,,,,,,
Goats,Goats,,All,Global,Developing,15-25,,,,0.17,0.119,0.221,,,,,,,,,,,,,,,,,,,,
Sheep,Sheep,,All,Global,Developing,>25,,,,0.2,0.14,0.26,,,,,,,,,,,,,,,,,,,,
Goats,Goats,,All,Global,Developing,>25,,,,0.22,0.154,0.286,,,,,,,,,,,,,,,,,,,,
Mules and Asses,Mules and Asses,,All,Global,Developing,<15,,,,0.6,0.42,0.78,,,,,,,,,,,,,,,,,,,,
Mules and Asses,Mules and Asses,,All,Global,Developing,15-25,,,,0.9,0.63,1.17,,,,,,,,,,,,,,,,,,,,
Other,Reindeer,,All,Global,All,All,,,,0.36,0.252,0.468,,,,,,,,,,,,,,,,,,,,
Other,Fur-Bearing Animals,,All,Global,All,All,,,,0.68,0.476,0.884,,,,,,,,,,,,,,,,,,,,
Cattle,Other Cattle,,,India Subcontinent,All,10,,,,2,,,,,,,,,,,,,,,,,,,,,,
Cattle,Other Cattle,,,India Subcontinent,All,11,,,,2,,,,,,,,,,,,,,,,,,,,,,
Cattle,Other Cattle,,,India Subcontinent,All,12,,,,2,,,,,,,,,,,,,,,,,,,,,,
Cattle,Other Cattle,,,India Subcontinent,All,13,,,,2,,,,,,,,,,,,,,,,,,,,,,
Cattle,Other Cattle,,,India Subcontinent,All,14,,,,2,,,,,,,,,,,,,,,,,,,,,,
Cattle,Other Cattle,,,India Subcontinent,All,15,,,,2,,,,,,,,,,,,,,,,,,,,,,
Cattle,Other Cattle,,,India Subcontinent,All,16,,,,2,,,,,,,,,,,,,,,,,,,,,,
Cattle,Other Cattle,,,India Subcontinent,All,17,,,,2,,,,,,,,,,,,,,,,,,,,,,
Cattle,Other Cattle,,,India Subcontinent,All,18,,,,2,,,,,,,,,,,,,,,,,,,,,,
Cattle,Other Cattle,,,India Subcontinent,All,19,,,,2,,,,,,,,,,,,,,,,,,,,,,
Cattle,Other Cattle,,,India Subcontinent,All,20,,,,2,,,,,,,,,,,,,,,,,,,,,,
Cattle,Other Cattle,,,India Subcontinent,All,21,,,,2,,,,,,,,,,,,,,,,,,,,,,
Cattle,Other Cattle,,,India Subcontinent,All,22,,,,2,,,,,,,,,,,,,,,,,,,,,,
Cattle,Other Cattle,,,India Subcontinent,All,23,,,,2,,,,,,,,,,,,,,,,,,,,,,
Cattle,Other Cattle,,,India Subcontinent,All,24,,,,2,,,,,,,,,,,,,,,,,,,,,,
Cattle,Other Cattle,,,India Subcontinent,All,25,,,,2,,,,,,,,,,,,,,,,,,,,,,
Cattle,Other Cattle,,,India Subcontinent,All,26,,,,2,,,,,,,,,,,,,,,,,,,,,,
Cattle,Other Cattle,,,India Subcontinent,All,27,,,,2,,,,,,,,,,,,,,,,,,,,,,
Cattle,Other Cattle,,,India Subcontinent,All,28,,,,2,,,,,,,,,,,,,,,,,,,,,,
Swine,Swine,,,India Subcontinent,All,10,,,,2,,,,,,,,,,,,,,,,,,,,,,
Swine,Swine,,,India Subcontinent,All,11,,,,2,,,,,,,,,,,,,,,,,,,,,,
Swine,Swine,,,India Subcontinent,All,12,,,,3,,,,,,,,,,,,,,,,,,,,,,
Swine,Swine,,,India Subcontinent,All,13,,,,3,,,,,,,,,,,,,,,,,,,,,,
Swine,Swine,,,India Subcontinent,All,14,,,,3,,,,,,,,,,,,,,,,,,,,,,
Swine,Swine,,,India Subcontinent,All,15,,,,3,,,,,,,,,,,,,,,,,,,,,,
Swine,Swine,,,India Subcontinent,All,16,,,,3,,,,,,,,,,,,,,,,,,,,,,
Swine,Swine,,,India Subcontinent,All,17,,,,3,,,,,,,,,,,,,,,,,,,,,,
Buffalo,Buffalo,,,India Subcontinent,All,10,,,,4,,,,,,,,,,,,,,,,,,,,,,
Buffalo,Buffalo,,,India Subcontinent,All,11,,,,4,,,,,,,,,,,,,,,,,,,,,,
Buffalo,Buffalo,,,India Subcontinent,All,12,,,,4,,,,,,,,,,,,,,,,,,,,,,
Buffalo,Buffalo,,,India Subcontinent,All,13,,,,4,,,,,,,,,,,,,,,,,,,,,,
Buffalo,Buffalo,,,India Subcontinent,All,14,,,,4,,,,,,,,,,,,,,,,,,,,,,
Swine,Swine,,,India Subcontinent,All,18,,,,4,,,,,,,,,,,,,,,,,,,,,,
Swine,Swine,,,India Subcontinent,All,19,,,,4,,,,,,,,,,,,,,,,,,,,,,
Swine,Swine,,,India Subcontinent,All,20,,,,4,,,,,,,,,,,,,,,,,,,,,,
Swine,Swine,,,India Subcontinent,All,21,,,,4,,,,,,,,,,,,,,,,,,,,,,
Swine,Swine,,,India Subcontinent,All,22,,,,4,,,,,,,,,,,,,,,,,,,,,,
Buffalo,Buffalo,,,India Subcontinent,All,15,,,,5,,,,,,,,,,,,,,,,,,,,,,
Buffalo,Buffalo,,,India Subcontinent,All,16,,,,5,,,,,,,,,,,,,,,,,,,,,,
Buffalo,Buffalo,,,India Subcontinent,All,17,,,,5,,,,,,,,,,,,,,,,,,,,,,
Buffalo,Buffalo,,,India Subcontinent,All,18,,,,5,,,,,,,,,,,,,,,,,,,,,,
Buffalo,Buffalo,,,India Subcontinent,All,19,,,,5,,,,,,,,,,,,,,,,,,,,,,
Buffalo,Buffalo,,,India Subcontinent,All,20,,,,5,,,,,,,,,,,,,,,,,,,,,,
Buffalo,Buffalo,,,India Subcontinent,All,21,,,,5,,,,,,,,,,,,,,,,,,,,,,
Buffalo,Buffalo,,,India Subcontinent,All,22,,,,5,,,,,,,,,,,,,,,,,,,,,,
Buffalo,Buffalo,,,India Subcontinent,All,23,,,,5,,,,,,,,,,,,,,,,,,,,,,
Buffalo,Buffalo,,,India Subcontinent,All,24,,,,5,,,,,,,,,,,,,,,,,,,,,,
Buffalo,Buffalo,,,India Subcontinent,All,25,,,,5,,,,,,,,,,,,,,,,,,,,,,
Buffalo,Buffalo,,,India Subcontinent,All,26,,,,5,,,,,,,,,,,,,,,,,,,,,,
Buffalo,Buffalo,,,India Subcontinent,All,27,,,,5,,,,,,,,,,,,,,,,,,,,,,
Buffalo,Buffalo,,,India Subcontinent,All,28,,,,5,,,,,,,,,,,,,,,,,,,,,,
Cattle,Dairy Cattle,,,India Subcontinent,All,10,,,,5,,,,,,,,,,,,,,,,,,,,,,
Cattle,Dairy Cattle,,,India Subcontinent,All,11,,,,5,,,,,,,,,,,,,,,,,,,,,,
Cattle,Dairy Cattle,,,India Subcontinent,All,12,,,,5,,,,,,,,,,,,,,,,,,,,,,
Cattle,Dairy Cattle,,,India Subcontinent,All,13,,,,5,,,,,,,,,,,,,,,,,,,,,,
Cattle,Dairy Cattle,,,India Subcontinent,All,14,,,,5,,,,,,,,,,,,,,,,,,,,,,
Cattle,Dairy Cattle,,,India Subcontinent,All,15,,,,5,,,,,,,,,,,,,,,,,,,,,,
Cattle,Dairy Cattle,,,India Subcontinent,All,16,,,,5,,,,,,,,,,,,,,,,,,,,,,
Cattle,Dairy Cattle,,,India Subcontinent,All,17,,,,5,,,,,,,,,,,,,,,,,,,,,,
Cattle,Dairy Cattle,,,India Subcontinent,All,18,,,,5,,,,,,,,,,,,,,,,,,,,,,
Cattle,Dairy Cattle,,,India Subcontinent,All,19,,,,5,,,,,,,,,,,,,,,,,,,,,,
Cattle,Dairy Cattle,,,India Subcontinent,All,20,,,,5,,,,,,,,,,,,,,,,,,,,,,
Cattle,Dairy Cattle,,,India Subcontinent,All,21,,,,5,,,,,,,,,,,,,,,,,,,,,,
Cattle,Dairy Cattle,,,India Subcontinent,All,22,,,,5,,,,,,,,,,,,,,,,,,,,,,
Cattle,Dairy Cattle,,,India Subcontinent,All,23,,,,5,,,,,,,,,,,,,,,,,,,,,,
Cattle,Dairy Cattle,,,India Subcontinent,All,24,,,,5,,,,,,,,,,,,,,,,,,,,,,
Cattle,Dairy Cattle,,,India Subcontinent,All,25,,,,5,,,,,,,,,,,,,,,,,,,,,,
Cattle,Dairy Cattle,,,India Subcontinent,All,26,,,,5,,,,,,,,,,,,,,,,,,,,,,
Swine,Swine,,,India Subcontinent,All,23,,,,5,,,,,,,,,,,,,,,,,,,,,,
Swine,Swine,,,India Subcontinent,All,24,,,,5,,,,,,,,,,,,,,,,,,,,,,
Swine,Swine,,,India Subcontinent,All,25,,,,5,,,,,,,,,,,,,,,,,,,,,,
Cattle,Dairy Cattle,,,India Subcontinent,All,27,,,,6,,,,,,,,,,,,,,,,,,,,,,
Cattle,Dairy Cattle,,,India Subcontinent,All,28,,,,6,,,,,,,,,,,,,,,,,,,,,,
Swine,Swine,,,India Subcontinent,All,26,,,,6,,,,,,,,,,,,,,,,,,,,,,
Swine,Swine,,,India Subcontinent,All,27,,,,6,,,,,,,,,,,,,,,,,,,,,,
Swine,Swine,,,India Subcontinent,All,28,,,,6,,,,,,,,,,,,,,,,,,,,,,
Buffalo,Buffalo,,,Latin America,All,10,,,,1,,,,,,,,,,,,,,,,,,,,,,
Buffalo,Buffalo,,,Latin America,All,11,,,,1,,,,,,,,,,,,,,,,,,,,,,
Buffalo,Buffalo,,,Latin America,All,12,,,,1,,,,,,,,,,,,,,,,,,,,,,
Buffalo,Buffalo,,,Latin America,All,13,,,,1,,,,,,,,,,,,,,,,,,,,,,
Buffalo,Buffalo,,,Latin America,All,14,,,,1,,,,,,,,,,,,,,,,,,,,,,
Buffalo,Buffalo,,,Latin America,All,15,,,,1,,,,,,,,,,,,,,,,,,,,,,
Buffalo,Buffalo,,,Latin America,All,16,,,,1,,,,,,,,,,,,,,,,,,,,,,
Buffalo,Buffalo,,,Latin America,All,17,,,,1,,,,,,,,,,,,,,,,,,,,,,
Buffalo,Buffalo,,,Latin America,All,18,,,,1,,,,,,,,,,,,,,,,,,,,,,
Buffalo,Buffalo,,,Latin America,All,19,,,,1,,,,,,,,,,,,,,,,,,,,,,
Buffalo,Buffalo,,,Latin America,All,20,,,,1,,,,,,,,,,,,,,,,,,,,,,
Buffalo,Buffalo,,,Latin America,All,21,,,,1,,,,,,,,,,,,,,,,,,,,,,
Buffalo,Buffalo,,,Latin America,All,22,,,,1,,,,,,,,,,,,,,,,,,,,,,
Buffalo,Buffalo,,,Latin America,All,23,,,,1,,,,,,,,,,,,,,,,,,,,,,
Buffalo,Buffalo,,,Latin America,All,24,,,,1,,,,,,,,,,,,,,,,,,,,,,
Buffalo,Buffalo,,,Latin America,All,25,,,,1,,,,,,,,,,,,,,,,,,,,,,
Cattle,Dairy Cattle,,,Latin America,All,10,,,,1,,,,,,,,,,,,,,,,,,,,,,
Cattle,Dairy Cattle,,,Latin America,All,11,,,,1,,,,,,,,,,,,,,,,,,,,,,
Cattle,Dairy Cattle,,,Latin America,All,12,,,,1,,,,,,,,,,,,,,,,,,,,,,
Cattle,Dairy Cattle,,,Latin America,All,13,,,,1,,,,,,,,,,,,,,,,,,,,,,
Cattle,Dairy Cattle,,,Latin America,All,14,,,,1,,,,,,,,,,,,,,,,,,,,,,
Cattle,Dairy Cattle,,,Latin America,All,15,,,,1,,,,,,,,,,,,,,,,,,,,,,
Cattle,Dairy Cattle,,,Latin America,All,16,,,,1,,,,,,,,,,,,,,,,,,,,,,
Cattle,Dairy Cattle,,,Latin America,All,17,,,,1,,,,,,,,,,,,,,,,,,,,,,
Cattle,Dairy Cattle,,,Latin America,All,18,,,,1,,,,,,,,,,,,,,,,,,,,,,
Cattle,Dairy Cattle,,,Latin America,All,19,,,,1,,,,,,,,,,,,,,,,,,,,,,
Cattle,Dairy Cattle,,,Latin America,All,20,,,,1,,,,,,,,,,,,,,,,,,,,,,
Cattle,Dairy Cattle,,,Latin America,All,21,,,,1,,,,,,,,,,,,,,,,,,,,,,
Cattle,Dairy Cattle,,,Latin America,All,22,,,,1,,,,,,,,,,,,,,,,,,,,,,
Cattle,Dairy Cattle,,,Latin America,All,23,,,,1,,,,,,,,,,,,,,,,,,,,,,
Cattle,Dairy Cattle,,,Latin America,All,24,,,,1,,,,,,,,,,,,,,,,,,,,,,
Cattle,Dairy Cattle,,,Latin America,All,25,,,,1,,,,,,,,,,,,,,,,,,,,,,
Cattle,Other Cattle,,,Latin America,All,10,,,,1,,,,,,,,,,,,,,,,,,,,,,
Cattle,Other Cattle,,,Latin America,All,11,,,,1,,,,,,,,,,,,,,,,,,,,,,
Cattle,Other Cattle,,,Latin America,All,12,,,,1,,,,,,,,,,,,,,,,,,,,,,
Cattle,Other Cattle,,,Latin America,All,13,,,,1,,,,,,,,,,,,,,,,,,,,,,
Cattle,Other Cattle,,,Latin America,All,14,,,,1,,,,,,,,,,,,,,,,,,,,,,
Cattle,Other Cattle,,,Latin America,All,15,,,,1,,,,,,,,,,,,,,,,,,,,,,
Cattle,Other Cattle,,,Latin America,All,16,,,,1,,,,,,,,,,,,,,,,,,,,,,
Cattle,Other Cattle,,,Latin America,All,17,,,,1,,,,,,,,,,,,,,,,,,,,,,
Cattle,Other Cattle,,,Latin America,All,18,,,,1,,,,,,,,,,,,,,,,,,,,,,
Cattle,Other Cattle,,,Latin America,All,19,,,,1,,,,,,,,,,,,,,,,,,,,,,
Cattle,Other Cattle,,,Latin America,All,20,,,,1,,,,,,,,,,,,,,,,,,,,,,
Cattle,Other Cattle,,,Latin America,All,21,,,,1,,,,,,,,,,,,,,,,,,,,,,
Cattle,Other Cattle,,,Latin America,All,22,,,,1,,,,,,,,,,,,,,,,,,,,,,
Cattle,Other Cattle,,,Latin America,All,23,,,,1,,,,,,,,,,,,,,,,,,,,,,
Cattle,Other Cattle,,,Latin America,All,24,,,,1,,,,,,,,,,,,,,,,,,,,,,
Cattle,Other Cattle,,,Latin America,All,25,,,,1,,,,,,,,,,,,,,,,,,,,,,
Cattle,Other Cattle,,,Latin America,All,26,,,,1,,,,,,,,,,,,,,,,,,,,,,
Cattle,Other Cattle,,,Latin America,All,27,,,,1,,,,,,,,,,,,,,,,,,,,,,
Cattle,Other Cattle,,,Latin America,All,28,,,,1,,,,,,,,,,,,,,,,,,,,,,
Swine,Swine,,,Latin America,All,10,,,,1,,,,,,,,,,,,,,,,,,,,,,
Swine,Swine,,,Latin America,All,11,,,,1,,,,,,,,,,,,,,,,,,,,,,
Swine,Swine,,,Latin America,All,12,,,,1,,,,,,,,,,,,,,,,,,,,,,
Swine,Swine,,,Latin America,All,13,,,,1,,,,,,,,,,,,,,,,,,,,,,
Swine,Swine,,,Latin America,All,14,,,,1,,,,,,,,,,,,,,,,,,,,,,
Swine,Swine,,,Latin America,All,15,,,,1,,,,,,,,,,,,,,,,,,,,,,
Swine,Swine,,,Latin America,All,16,,,,1,,,,,,,,,,,,,,,,,,,,,,
Swine,Swine,,,Latin America,All,17,,,,1,,,,,,,,,,,,,,,,,,,,,,
Swine,Swine,,,Latin America,All,18,,,,1,,,,,,,,,,,,,,,,,,,,,,
Swine,Swine,,,Latin America,All,19,,,,1,,,,,,,,,,,,,,,,,,,,,,
Swine,Swine,,,Latin America,All,20,,,,1,,,,,,,,,,,,,,,,,,,,,,
Swine,Swine,,,Latin America,All,21,,,,1,,,,,,,,,,,,,,,,,,,,,,
Swine,Swine,,,Latin America,All,22,,,,1,,,,,,,,,,,,,,,,,,,,,,
Swine,Swine,,,Latin America,All,23,,,,1,,,,,,,,,,,,,,,,,,,,,,
Swine,Swine,,,Latin America,All,24,,,,1,,,,,,,,,,,,,,,,,,,,,,
Swine,Swine,,,Latin America,All,25,,,,1,,,,,,,,,,,,,,,,,,,,,,
Buffalo,Buffalo,,,Latin America,All,26,,,,2,,,,,,,,,,,,,,,,,,,,,,
Buffalo,Buffalo,,,Latin America,All,27,,,,2,,,,,,,,,,,,,,,,,,,,,,
Buffalo,Buffalo,,,Latin America,All,28,,,,2,,,,,,,,,,,,,,,,,,,,,,
Cattle,Dairy Cattle,,,Latin America,All,26,,,,2,,,,,,,,,,,,,,,,,,,,,,
Cattle,Dairy Cattle,,,Latin America,All,27,,,,2,,,,,,,,,,,,,,,,,,,,,,
Cattle,Dairy Cattle,,,Latin America,All,28,,,,2,,,,,,,,,,,,,,,,,,,,,,
Swine,Swine,,,Latin America,All,26,,,,2,,,,,,,,,,,,,,,,,,,,,,
Swine,Swine,,,Latin America,All,27,,,,2,,,,,,,,,,,,,,,,,,,,,,
Swine,Swine,,,Latin America,All,28,,,,2,,,,,,,,,,,,,,,,,,,,,,
Cattle,Other Cattle,,,Middle East,All,10,,,,1,,,,,,,,,,,,,,,,,,,,,,
Cattle,Other Cattle,,,Middle East,All,11,,,,1,,,,,,,,,,,,,,,,,,,,,,
Cattle,Other Cattle,,,Middle East,All,12,,,,1,,,,,,,,,,,,,,,,,,,,,,
Cattle,Other Cattle,,,Middle East,All,13,,,,1,,,,,,,,,,,,,,,,,,,,,,
Cattle,Other Cattle,,,Middle East,All,14,,,,1,,,,,,,,,,,,,,,,,,,,,,
Cattle,Other Cattle,,,Middle East,All,15,,,,1,,,,,,,,,,,,,,,,,,,,,,
Cattle,Other Cattle,,,Middle East,All,16,,,,1,,,,,,,,,,,,,,,,,,,,,,
Cattle,Other Cattle,,,Middle East,All,17,,,,1,,,,,,,,,,,,,,,,,,,,,,
Cattle,Other Cattle,,,Middle East,All,18,,,,1,,,,,,,,,,,,,,,,,,,,,,
Cattle,Other Cattle,,,Middle East,All,19,,,,1,,,,,,,,,,,,,,,,,,,,,,
Cattle,Other Cattle,,,Middle East,All,20,,,,1,,,,,,,,,,,,,,,,,,,,,,
Cattle,Other Cattle,,,Middle East,All,21,,,,1,,,,,,,,,,,,,,,,,,,,,,
Cattle,Other Cattle,,,Middle East,All,22,,,,1,,,,,,,,,,,,,,,,,,,,,,
Cattle,Other Cattle,,,Middle East,All,23,,,,1,,,,,,,,,,,,,,,,,,,,,,
Cattle,Other Cattle,,,Middle East,All,24,,,,1,,,,,,,,,,,,,,,,,,,,,,
Cattle,Other Cattle,,,Middle East,All,25,,,,1,,,,,,,,,,,,,,,,,,,,,,
Cattle,Other Cattle,,,Middle East,All,26,,,,1,,,,,,,,,,,,,,,,,,,,,,
Cattle,Other Cattle,,,Middle East,All,27,,,,1,,,,,,,,,,,,,,,,,,,,,,
Cattle,Other Cattle,,,Middle East,All,28,,,,1,,,,,,,,,,,,,,,,,,,,,,
Swine,Swine,,,Middle East,All,10,,,,1,,,,,,,,,,,,,,,,,,,,,,
Swine,Swine,,,Middle East,All,11,,,,1,,,,,,,,,,,,,,,,,,,,,,
Swine,Swine,,,Middle East,All,12,,,,1,,,,,,,,,,,,,,,,,,,,,,
Cattle,Dairy Cattle,,,Middle East,All,10,,,,2,,,,,,,,,,,,,,,,,,,,,,
Cattle,Dairy Cattle,,,Middle East,All,11,,,,2,,,,,,,,,,,,,,,,,,,,,,
Cattle,Dairy Cattle,,,Middle East,All,12,,,,2,,,,,,,,,,,,,,,,,,,,,,
Cattle,Dairy Cattle,,,Middle East,All,13,,,,2,,,,,,,,,,,,,,,,,,,,,,
Cattle,Dairy Cattle,,,Middle East,All,14,,,,2,,,,,,,,,,,,,,,,,,,,,,
Cattle,Dairy Cattle,,,Middle East,All,15,,,,2,,,,,,,,,,,,,,,,,,,,,,
Cattle,Dairy Cattle,,,Middle East,All,16,,,,2,,,,,,,,,,,,,,,,,,,,,,
Cattle,Dairy Cattle,,,Middle East,All,17,,,,2,,,,,,,,,,,,,,,,,,,,,,
Cattle,Dairy Cattle,,,Middle East,All,18,,,,2,,,,,,,,,,,,,,,,,,,,,,
Cattle,Dairy Cattle,,,Middle East,All,19,,,,2,,,,,,,,,,,,,,,,,,,,,,
Cattle,Dairy Cattle,,,Middle East,All,20,,,,2,,,,,,,,,,,,,,,,,,,,,,
Cattle,Dairy Cattle,,,Middle East,All,21,,,,2,,,,,,,,,,,,,,,,,,,,,,
Cattle,Dairy Cattle,,,Middle East,All,22,,,,2,,,,,,,,,,,,,,,,,,,,,,
Cattle,Dairy Cattle,,,Middle East,All,23,,,,2,,,,,,,,,,,,,,,,,,,,,,
Cattle,Dairy Cattle,,,Middle East,All,24,,,,2,,,,,,,,,,,,,,,,,,,,,,
Cattle,Dairy Cattle,,,Middle East,All,25,,,,2,,,,,,,,,,,,,,,,,,,,,,
Cattle,Dairy Cattle,,,Middle East,All,26,,,,2,,,,,,,,,,,,,,,,,,,,,,
Swine,Swine,,,Middle East,All,13,,,,2,,,,,,,,,,,,,,,,,,,,,,
Swine,Swine,,,Middle East,All,14,,,,2,,,,,,,,,,,,,,,,,,,,,,
Swine,Swine,,,Middle East,All,15,,,,2,,,,,,,,,,,,,,,,,,,,,,
Swine,Swine,,,Middle East,All,16,,,,2,,,,,,,,,,,,,,,,,,,,,,
Swine,Swine,,,Middle East,All,17,,,,2,,,,,,,,,,,,,,,,,,,,,,
Cattle,Dairy Cattle,,,Middle East,All,27,,,,3,,,,,,,,,,,,,,,,,,,,,,
Cattle,Dairy Cattle,,,Middle East,All,28,,,,3,,,,,,,,,,,,,,,,,,,,,,
Swine,Swine,,,Middle East,All,18,,,,3,,,,,,,,,,,,,,,,,,,,,,
Swine,Swine,,,Middle East,All,19,,,,3,,,,,,,,,,,,,,,,,,,,,,
Swine,Swine,,,Middle East,All,20,,,,3,,,,,,,,,,,,,,,,,,,,,,
Swine,Swine,,,Middle East,All,21,,,,3,,,,,,,,,,,,,,,,,,,,,,
Buffalo,Buffalo,,,Middle East,All,10,,,,4,,,,,,,,,,,,,,,,,,,,,,
Buffalo,Buffalo,,,Middle East,All,11,,,,4,,,,,,,,,,,,,,,,,,,,,,
Buffalo,Buffalo,,,Middle East,All,12,,,,4,,,,,,,,,,,,,,,,,,,,,,
Buffalo,Buffalo,,,Middle East,All,13,,,,4,,,,,,,,,,,,,,,,,,,,,,
Buffalo,Buffalo,,,Middle East,All,14,,,,4,,,,,,,,,,,,,,,,,,,,,,
Swine,Swine,,,Middle East,All,22,,,,4,,,,,,,,,,,,,,,,,,,,,,
Swine,Swine,,,Middle East,All,23,,,,4,,,,,,,,,,,,,,,,,,,,,,
Swine,Swine,,,Middle East,All,24,,,,4,,,,,,,,,,,,,,,,,,,,,,
Buffalo,Buffalo,,,Middle East,All,15,,,,5,,,,,,,,,,,,,,,,,,,,,,
Buffalo,Buffalo,,,Middle East,All,16,,,,5,,,,,,,,,,,,,,,,,,,,,,
Buffalo,Buffalo,,,Middle East,All,17,,,,5,,,,,,,,,,,,,,,,,,,,,,
Buffalo,Buffalo,,,Middle East,All,18,,,,5,,,,,,,,,,,,,,,,,,,,,,
Buffalo,Buffalo,,,Middle East,All,19,,,,5,,,,,,,,,,,,,,,,,,,,,,
Buffalo,Buffalo,,,Middle East,All,20,,,,5,,,,,,,,,,,,,,,,,,,,,,
Buffalo,Buffalo,,,Middle East,All,21,,,,5,,,,,,,,,,,,,,,,,,,,,,
Buffalo,Buffalo,,,Middle East,All,22,,,,5,,,,,,,,,,,,,,,,,,,,,,
Buffalo,Buffalo,,,Middle East,All,23,,,,5,,,,,,,,,,,,,,,,,,,,,,
Buffalo,Buffalo,,,Middle East,All,24,,,,5,,,,,,,,,,,,,,,,,,,,,,
Buffalo,Buffalo,,,Middle East,All,25,,,,5,,,,,,,,,,,,,,,,,,,,,,
Buffalo,Buffalo,,,Middle East,All,26,,,,5,,,,,,,,,,,,,,,,,,,,,,
Buffalo,Buffalo,,,Middle East,All,27,,,,5,,,,,,,,,,,,,,,,,,,,,,
Buffalo,Buffalo,,,Middle East,All,28,,,,5,,,,,,,,,,,,,,,,,,,,,,
Swine,Swine,,,Middle East,All,25,,,,5,,,,,,,,,,,,,,,,,,,,,,
Swine,Swine,,,Middle East,All,26,,,,5,,,,,,,,,,,,,,,,,,,,,,
Swine,Swine,,,Middle East,All,27,,,,5,,,,,,,,,,,,,,,,,,,,,,
Swine,Swine,,,Middle East,All,28,,,,6,,,,,,,,,,,,,,,,,,,,,,
Cattle,Other Cattle,,,North America,All,10,,,,1,,,,,,,,,,,,,,,,,,,,,,
Cattle,Other Cattle,,,North America,All,11,,,,1,,,,,,,,,,,,,,,,,,,,,,
Cattle,Other Cattle,,,North America,All,12,,,,1,,,,,,,,,,,,,,,,,,,,,,
Cattle,Other Cattle,,,North America,All,13,,,,1,,,,,,,,,,,,,,,,,,,,,,
Cattle,Other Cattle,,,North America,All,14,,,,1,,,,,,,,,,,,,,,,,,,,,,
Cattle,Other Cattle,,,North America,All,15,,,,2,,,,,,,,,,,,,,,,,,,,,,
Cattle,Other Cattle,,,North America,All,16,,,,2,,,,,,,,,,,,,,,,,,,,,,
Cattle,Other Cattle,,,North America,All,17,,,,2,,,,,,,,,,,,,,,,,,,,,,
Cattle,Other Cattle,,,North America,All,18,,,,2,,,,,,,,,,,,,,,,,,,,,,
Cattle,Other Cattle,,,North America,All,19,,,,2,,,,,,,,,,,,,,,,,,,,,,
Cattle,Other Cattle,,,North America,All,20,,,,2,,,,,,,,,,,,,,,,,,,,,,
Cattle,Other Cattle,,,North America,All,21,,,,2,,,,,,,,,,,,,,,,,,,,,,
Cattle,Other Cattle,,,North America,All,22,,,,2,,,,,,,,,,,,,,,,,,,,,,
Cattle,Other Cattle,,,North America,All,23,,,,2,,,,,,,,,,,,,,,,,,,,,,
Cattle,Other Cattle,,,North America,All,24,,,,2,,,,,,,,,,,,,,,,,,,,,,
Cattle,Other Cattle,,,North America,All,25,,,,2,,,,,,,,,,,,,,,,,,,,,,
Cattle,Other Cattle,,,North America,All,26,,,,2,,,,,,,,,,,,,,,,,,,,,,
Cattle,Other Cattle,,,North America,All,27,,,,2,,,,,,,,,,,,,,,,,,,,,,
Cattle,Other Cattle,,,North America,All,28,,,,2,,,,,,,,,,,,,,,,,,,,,,
Swine,Market Swine,,,North America,All,10,,,,10,,,,,,,,,,,,,,,,,,,,,,
Swine,Market Swine,,,North America,All,11,,,,11,,,,,,,,,,,,,,,,,,,,,,
Swine,Market Swine,,,North America,All,12,,,,11,,,,,,,,,,,,,,,,,,,,,,
Swine,Market Swine,,,North America,All,13,,,,12,,,,,,,,,,,,,,,,,,,,,,
Swine,Market Swine,,,North America,All,14,,,,12,,,,,,,,,,,,,,,,,,,,,,
Swine,Market Swine,,,North America,All,15,,,,13,,,,,,,,,,,,,,,,,,,,,,
Swine,Market Swine,,,North America,All,16,,,,13,,,,,,,,,,,,,,,,,,,,,,
Swine,Market Swine,,,North America,All,17,,,,14,,,,,,,,,,,,,,,,,,,,,,
Swine,Market Swine,,,North America,All,18,,,,15,,,,,,,,,,,,,,,,,,,,,,
Swine,Market Swine,,,North America,All,19,,,,15,,,,,,,,,,,,,,,,,,,,,,
Swine,Market Swine,,,North America,All,20,,,,16,,,,,,,,,,,,,,,,,,,,,,
Swine,Market Swine,,,North America,All,21,,,,17,,,,,,,,,,,,,,,,,,,,,,
Swine,Market Swine,,,North America,All,22,,,,18,,,,,,,,,,,,,,,,,,,,,,
Swine,Market Swine,,,North America,All,23,,,,18,,,,,,,,,,,,,,,,,,,,,,
Swine,Breeding Swine,,,North America,All,10,,,,19,,,,,,,,,,,,,,,,,,,,,,
Swine,Market Swine,,,North America,All,24,,,,19,,,,,,,,,,,,,,,,,,,,,,
Swine,Breeding Swine,,,North America,All,11,,,,20,,,,,,,,,,,,,,,,,,,,,,
Swine,Market Swine,,,North America,All,25,,,,20,,,,,,,,,,,,,,,,,,,,,,
Swine,Breeding Swine,,,North America,All,12,,,,21,,,,,,,,,,,,,,,,,,,,,,
Swine,Breeding Swine,,,North America,All,13,,,,22,,,,,,,,,,,,,,,,,,,,,,
Swine,Market Swine,,,North America,All,26,,,,22,,,,,,,,,,,,,,,,,,,,,,
Swine,Breeding Swine,,,North America,All,14,,,,23,,,,,,,,,,,,,,,,,,,,,,
Swine,Market Swine,,,North America,All,27,,,,23,,,,,,,,,,,,,,,,,,,,,,
Swine,Market Swine,,,North America,All,28,,,,23,,,,,,,,,,,,,,,,,,,,,,
Swine,Breeding Swine,,,North America,All,15,,,,24,,,,,,,,,,,,,,,,,,,,,,
Swine,Breeding Swine,,,North America,All,16,,,,26,,,,,,,,,,,,,,,,,,,,,,
Swine,Breeding Swine,,,North America,All,17,,,,27,,,,,,,,,,,,,,,,,,,,,,
Swine,Breeding Swine,,,North America,All,18,,,,28,,,,,,,,,,,,,,,,,,,,,,
Swine,Breeding Swine,,,North America,All,19,,,,29,,,,,,,,,,,,,,,,,,,,,,
Swine,Breeding Swine,,,North America,All,20,,,,31,,,,,,,,,,,,,,,,,,,,,,
Swine,Breeding Swine,,,North America,All,21,,,,32,,,,,,,,,,,,,,,,,,,,,,
Swine,Breeding Swine,,,North America,All,22,,,,34,,,,,,,,,,,,,,,,,,,,,,
Swine,Breeding Swine,,,North America,All,23,,,,35,,,,,,,,,,,,,,,,,,,,,,
Swine,Breeding Swine,,,North America,All,24,,,,37,,,,,,,,,,,,,,,,,,,,,,
Swine,Breeding Swine,,,North America,All,25,,,,39,,,,,,,,,,,,,,,,,,,,,,
Swine,Breeding Swine,,,North America,All,26,,,,41,,,,,,,,,,,,,,,,,,,,,,
Swine,Breeding Swine,,,North America,All,27,,,,44,,,,,,,,,,,,,,,,,,,,,,
Swine,Breeding Swine,,,North America,All,28,,,,45,,,,,,,,,,,,,,,,,,,,,,
Cattle,Dairy Cattle,,,North America,All,10,,,,48,,,,,,,,,,,,,,,,,,,,,,
Cattle,Dairy Cattle,,,North America,All,11,,,,50,,,,,,,,,,,,,,,,,,,,,,
Cattle,Dairy Cattle,,,North America,All,12,,,,53,,,,,,,,,,,,,,,,,,,,,,
Cattle,Dairy Cattle,,,North America,All,13,,,,55,,,,,,,,,,,,,,,,,,,,,,
Cattle,Dairy Cattle,,,North America,All,14,,,,58,,,,,,,,,,,,,,,,,,,,,,
Cattle,Dairy Cattle,,,North America,All,15,,,,63,,,,,,,,,,,,,,,,,,,,,,
Cattle,Dairy Cattle,,,North America,All,16,,,,65,,,,,,,,,,,,,,,,,,,,,,
Cattle,Dairy Cattle,,,North America,All,17,,,,68,,,,,,,,,,,,,,,,,,,,,,
Cattle,Dairy Cattle,,,North America,All,18,,,,71,,,,,,,,,,,,,,,,,,,,,,
Cattle,Dairy Cattle,,,North America,All,19,,,,74,,,,,,,,,,,,,,,,,,,,,,
Cattle,Dairy Cattle,,,North America,All,20,,,,78,,,,,,,,,,,,,,,,,,,,,,
Cattle,Dairy Cattle,,,North America,All,21,,,,81,,,,,,,,,,,,,,,,,,,,,,
Cattle,Dairy Cattle,,,North America,All,22,,,,85,,,,,,,,,,,,,,,,,,,,,,
Cattle,Dairy Cattle,,,North America,All,23,,,,89,,,,,,,,,,,,,,,,,,,,,,
Cattle,Dairy Cattle,,,North America,All,24,,,,93,,,,,,,,,,,,,,,,,,,,,,
Cattle,Dairy Cattle,,,North America,All,25,,,,98,,,,,,,,,,,,,,,,,,,,,,
Cattle,Dairy Cattle,,,North America,All,26,,,,105,,,,,,,,,,,,,,,,,,,,,,
Cattle,Dairy Cattle,,,North America,All,27,,,,110,,,,,,,,,,,,,,,,,,,,,,
Cattle,Dairy Cattle,,,North America,All,28,,,,112,,,,,,,,,,,,,,,,,,,,,,
Cattle,Other Cattle,,,Oceania,All,10,,,,1,,,,,,,,,,,,,,,,,,,,,,
Cattle,Other Cattle,,,Oceania,All,11,,,,1,,,,,,,,,,,,,,,,,,,,,,
Cattle,Other Cattle,,,Oceania,All,12,,,,1,,,,,,,,,,,,,,,,,,,,,,
Cattle,Other Cattle,,,Oceania,All,13,,,,1,,,,,,,,,,,,,,,,,,,,,,
Cattle,Other Cattle,,,Oceania,All,14,,,,1,,,,,,,,,,,,,,,,,,,,,,
Cattle,Other Cattle,,,Oceania,All,15,,,,2,,,,,,,,,,,,,,,,,,,,,,
Cattle,Other Cattle,,,Oceania,All,16,,,,2,,,,,,,,,,,,,,,,,,,,,,
Cattle,Other Cattle,,,Oceania,All,17,,,,2,,,,,,,,,,,,,,,,,,,,,,
Cattle,Other Cattle,,,Oceania,All,18,,,,2,,,,,,,,,,,,,,,,,,,,,,
Cattle,Other Cattle,,,Oceania,All,19,,,,2,,,,,,,,,,,,,,,,,,,,,,
Cattle,Other Cattle,,,Oceania,All,20,,,,2,,,,,,,,,,,,,,,,,,,,,,
Cattle,Other Cattle,,,Oceania,All,21,,,,2,,,,,,,,,,,,,,,,,,,,,,
Cattle,Other Cattle,,,Oceania,All,22,,,,2,,,,,,,,,,,,,,,,,,,,,,
Cattle,Other Cattle,,,Oceania,All,23,,,,2,,,,,,,,,,,,,,,,,,,,,,
Cattle,Other Cattle,,,Oceania,All,24,,,,2,,,,,,,,,,,,,,,,,,,,,,
Cattle,Other Cattle,,,Oceania,All,25,,,,2,,,,,,,,,,,,,,,,,,,,,,
Cattle,Other Cattle,,,Oceania,All,26,,,,2,,,,,,,,,,,,,,,,,,,,,,
Cattle,Other Cattle,,,Oceania,All,27,,,,2,,,,,,,,,,,,,,,,,,,,,,
Cattle,Other Cattle,,,Oceania,All,28,,,,2,,,,,,,,,,,,,,,,,,,,,,
Swine,Market Swine,,,Oceania,All,10,,,,11,,,,,,,,,,,,,,,,,,,,,,
Swine,Market Swine,,,Oceania,All,11,,,,11,,,,,,,,,,,,,,,,,,,,,,
Swine,Market Swine,,,Oceania,All,12,,,,12,,,,,,,,,,,,,,,,,,,,,,
Swine,Market Swine,,,Oceania,All,13,,,,12,,,,,,,,,,,,,,,,,,,,,,
Swine,Market Swine,,,Oceania,All,14,,,,12,,,,,,,,,,,,,,,,,,,,,,
Swine,Market Swine,,,Oceania,All,15,,,,13,,,,,,,,,,,,,,,,,,,,,,
Swine,Market Swine,,,Oceania,All,16,,,,13,,,,,,,,,,,,,,,,,,,,,,
Swine,Market Swine,,,Oceania,All,17,,,,13,,,,,,,,,,,,,,,,,,,,,,
Swine,Market Swine,,,Oceania,All,18,,,,13,,,,,,,,,,,,,,,,,,,,,,
Swine,Market Swine,,,Oceania,All,19,,,,13,,,,,,,,,,,,,,,,,,,,,,
Swine,Market Swine,,,Oceania,All,20,,,,13,,,,,,,,,,,,,,,,,,,,,,
Swine,Market Swine,,,Oceania,All,21,,,,13,,,,,,,,,,,,,,,,,,,,,,
Swine,Market Swine,,,Oceania,All,22,,,,13,,,,,,,,,,,,,,,,,,,,,,
Swine,Market Swine,,,Oceania,All,23,,,,13,,,,,,,,,,,,,,,,,,,,,,
Swine,Market Swine,,,Oceania,All,24,,,,13,,,,,,,,,,,,,,,,,,,,,,
Swine,Market Swine,,,Oceania,All,25,,,,13,,,,,,,,,,,,,,,,,,,,,,
Swine,Market Swine,,,Oceania,All,26,,,,13,,,,,,,,,,,,,,,,,,,,,,
Swine,Market Swine,,,Oceania,All,27,,,,13,,,,,,,,,,,,,,,,,,,,,,
Swine,Market Swine,,,Oceania,All,28,,,,13,,,,,,,,,,,,,,,,,,,,,,
Swine,Breeding Swine,,,Oceania,All,10,,,,20,,,,,,,,,,,,,,,,,,,,,,
Swine,Breeding Swine,,,Oceania,All,11,,,,20,,,,,,,,,,,,,,,,,,,,,,
Swine,Breeding Swine,,,Oceania,All,12,,,,21,,,,,,,,,,,,,,,,,,,,,,
Swine,Breeding Swine,,,Oceania,All,13,,,,21,,,,,,,,,,,,,,,,,,,,,,
Swine,Breeding Swine,,,Oceania,All,14,,,,22,,,,,,,,,,,,,,,,,,,,,,
Swine,Breeding Swine,,,Oceania,All,15,,,,22,,,,,,,,,,,,,,,,,,,,,,
Cattle,Dairy Cattle,,,Oceania,All,10,,,,23,,,,,,,,,,,,,,,,,,,,,,
Swine,Breeding Swine,,,Oceania,All,16,,,,23,,,,,,,,,,,,,,,,,,,,,,
Swine,Breeding Swine,,,Oceania,All,17,,,,23,,,,,,,,,,,,,,,,,,,,,,
Swine,Breeding Swine,,,Oceania,All,18,,,,23,,,,,,,,,,,,,,,,,,,,,,
Swine,Breeding Swine,,,Oceania,All,19,,,,23,,,,,,,,,,,,,,,,,,,,,,
Swine,Breeding Swine,,,Oceania,All,20,,,,23,,,,,,,,,,,,,,,,,,,,,,
Cattle,Dairy Cattle,,,Oceania,All,11,,,,24,,,,,,,,,,,,,,,,,,,,,,
Swine,Breeding Swine,,,Oceania,All,21,,,,24,,,,,,,,,,,,,,,,,,,,,,
Swine,Breeding Swine,,,Oceania,All,22,,,,24,,,,,,,,,,,,,,,,,,,,,,
Swine,Breeding Swine,,,Oceania,All,23,,,,24,,,,,,,,,,,,,,,,,,,,,,
Swine,Breeding Swine,,,Oceania,All,24,,,,24,,,,,,,,,,,,,,,,,,,,,,
Swine,Breeding Swine,,,Oceania,All,25,,,,24,,,,,,,,,,,,,,,,,,,,,,
Swine,Breeding Swine,,,Oceania,All,26,,,,24,,,,,,,,,,,,,,,,,,,,,,
Swine,Breeding Swine,,,Oceania,All,27,,,,24,,,,,,,,,,,,,,,,,,,,,,
Swine,Breeding Swine,,,Oceania,All,28,,,,24,,,,,,,,,,,,,,,,,,,,,,
Cattle,Dairy Cattle,,,Oceania,All,12,,,,25,,,,,,,,,,,,,,,,,,,,,,
Cattle,Dairy Cattle,,,Oceania,All,13,,,,26,,,,,,,,,,,,,,,,,,,,,,
Cattle,Dairy Cattle,,,Oceania,All,14,,,,26,,,,,,,,,,,,,,,,,,,,,,
Cattle,Dairy Cattle,,,Oceania,All,15,,,,27,,,,,,,,,,,,,,,,,,,,,,
Cattle,Dairy Cattle,,,Oceania,All,16,,,,28,,,,,,,,,,,,,,,,,,,,,,
Cattle,Dairy Cattle,,,Oceania,All,17,,,,28,,,,,,,,,,,,,,,,,,,,,,
Cattle,Dairy Cattle,,,Oceania,All,18,,,,28,,,,,,,,,,,,,,,,,,,,,,
Cattle,Dairy Cattle,,,Oceania,All,19,,,,29,,,,,,,,,,,,,,,,,,,,,,
Cattle,Dairy Cattle,,,Oceania,All,20,,,,29,,,,,,,,,,,,,,,,,,,,,,
Cattle,Dairy Cattle,,,Oceania,All,21,,,,29,,,,,,,,,,,,,,,,,,,,,,
Cattle,Dairy Cattle,,,Oceania,All,22,,,,29,,,,,,,,,,,,,,,,,,,,,,
Cattle,Dairy Cattle,,,Oceania,All,23,,,,29,,,,,,,,,,,,,,,,,,,,,,
Cattle,Dairy Cattle,,,Oceania,All,24,,,,30,,,,,,,,,,,,,,,,,,,,,,
Cattle,Dairy Cattle,,,Oceania,All,25,,,,30,,,,,,,,,,,,,,,,,,,,,,
Cattle,Dairy Cattle,,,Oceania,All,26,,,,31,,,,,,,,,,,,,,,,,,,,,,
Cattle,Dairy Cattle,,,Oceania,All,27,,,,31,,,,,,,,,,,,,,,,,,,,,,
Cattle,Dairy Cattle,,,Oceania,All,28,,,,31,,,,,,,,,,,,,,,,,,,,,,
Buffalo,Buffalo,,,Western Europe,All,10,,,,4,,,,,,,,,,,,,,,,,,,,,,
Buffalo,Buffalo,,,Western Europe,All,11,,,,4,,,,,,,,,,,,,,,,,,,,,,
Buffalo,Buffalo,,,Western Europe,All,12,,,,5,,,,,,,,,,,,,,,,,,,,,,
Buffalo,Buffalo,,,Western Europe,All,13,,,,5,,,,,,,,,,,,,,,,,,,,,,
Buffalo,Buffalo,,,Western Europe,All,14,,,,5,,,,,,,,,,,,,,,,,,,,,,
Buffalo,Buffalo,,,Western Europe,All,15,,,,6,,,,,,,,,,,,,,,,,,,,,,
Cattle,Other Cattle,,,Western Europe,All,10,,,,6,,,,,,,,,,,,,,,,,,,,,,
Swine,Market Swine,,,Western Europe,All,10,,,,6,,,,,,,,,,,,,,,,,,,,,,
Swine,Market Swine,,,Western Europe,All,11,,,,6,,,,,,,,,,,,,,,,,,,,,,
Buffalo,Buffalo,,,Western Europe,All,16,,,,7,,,,,,,,,,,,,,,,,,,,,,
Buffalo,Buffalo,,,Western Europe,All,17,,,,7,,,,,,,,,,,,,,,,,,,,,,
Cattle,Other Cattle,,,Western Europe,All,11,,,,7,,,,,,,,,,,,,,,,,,,,,,
Cattle,Other Cattle,,,Western Europe,All,12,,,,7,,,,,,,,,,,,,,,,,,,,,,
Swine,Market Swine,,,Western Europe,All,12,,,,7,,,,,,,,,,,,,,,,,,,,,,
Swine,Market Swine,,,Western Europe,All,13,,,,7,,,,,,,,,,,,,,,,,,,,,,
Buffalo,Buffalo,,,Western Europe,All,18,,,,8,,,,,,,,,,,,,,,,,,,,,,
Cattle,Other Cattle,,,Western Europe,All,13,,,,8,,,,,,,,,,,,,,,,,,,,,,
Cattle,Other Cattle,,,Western Europe,All,14,,,,8,,,,,,,,,,,,,,,,,,,,,,
Swine,Market Swine,,,Western Europe,All,14,,,,8,,,,,,,,,,,,,,,,,,,,,,
Buffalo,Buffalo,,,Western Europe,All,19,,,,9,,,,,,,,,,,,,,,,,,,,,,
Buffalo,Buffalo,,,Western Europe,All,20,,,,9,,,,,,,,,,,,,,,,,,,,,,
Swine,Breeding Swine,,,Western Europe,All,10,,,,9,,,,,,,,,,,,,,,,,,,,,,
Swine,Market Swine,,,Western Europe,All,15,,,,9,,,,,,,,,,,,,,,,,,,,,,
Swine,Market Swine,,,Western Europe,All,16,,,,9,,,,,,,,,,,,,,,,,,,,,,
Buffalo,Buffalo,,,Western Europe,All,21,,,,10,,,,,,,,,,,,,,,,,,,,,,
Cattle,Other Cattle,,,Western Europe,All,15,,,,10,,,,,,,,,,,,,,,,,,,,,,
Swine,Breeding Swine,,,Western Europe,All,11,,,,10,,,,,,,,,,,,,,,,,,,,,,
Swine,Breeding Swine,,,Western Europe,All,12,,,,10,,,,,,,,,,,,,,,,,,,,,,
Swine,Market Swine,,,Western Europe,All,17,,,,10,,,,,,,,,,,,,,,,,,,,,,
Buffalo,Buffalo,,,Western Europe,All,22,,,,11,,,,,,,,,,,,,,,,,,,,,,
Cattle,Other Cattle,,,Western Europe,All,16,,,,11,,,,,,,,,,,,,,,,,,,,,,
Swine,Breeding Swine,,,Western Europe,All,13,,,,11,,,,,,,,,,,,,,,,,,,,,,
Swine,Market Swine,,,Western Europe,All,18,,,,11,,,,,,,,,,,,,,,,,,,,,,
Swine,Market Swine,,,Western Europe,All,19,,,,11,,,,,,,,,,,,,,,,,,,,,,
Buffalo,Buffalo,,,Western Europe,All,23,,,,12,,,,,,,,,,,,,,,,,,,,,,
Cattle,Other Cattle,,,Western Europe,All,17,,,,12,,,,,,,,,,,,,,,,,,,,,,
Swine,Breeding Swine,,,Western Europe,All,14,,,,12,,,,,,,,,,,,,,,,,,,,,,
Swine,Market Swine,,,Western Europe,All,20,,,,12,,,,,,,,,,,,,,,,,,,,,,
Buffalo,Buffalo,,,Western Europe,All,24,,,,13,,,,,,,,,,,,,,,,,,,,,,
Cattle,Other Cattle,,,Western Europe,All,18,,,,13,,,,,,,,,,,,,,,,,,,,,,
Swine,Breeding Swine,,,Western Europe,All,15,,,,13,,,,,,,,,,,,,,,,,,,,,,
Swine,Market Swine,,,Western Europe,All,21,,,,13,,,,,,,,,,,,,,,,,,,,,,
Buffalo,Buffalo,,,Western Europe,All,25,,,,14,,,,,,,,,,,,,,,,,,,,,,
Cattle,Other Cattle,,,Western Europe,All,19,,,,14,,,,,,,,,,,,,,,,,,,,,,
Swine,Breeding Swine,,,Western Europe,All,16,,,,14,,,,,,,,,,,,,,,,,,,,,,
Swine,Market Swine,,,Western Europe,All,22,,,,14,,,,,,,,,,,,,,,,,,,,,,
Buffalo,Buffalo,,,Western Europe,All,26,,,,15,,,,,,,,,,,,,,,,,,,,,,
Cattle,Other Cattle,,,Western Europe,All,20,,,,15,,,,,,,,,,,,,,,,,,,,,,
Swine,Breeding Swine,,,Western Europe,All,17,,,,15,,,,,,,,,,,,,,,,,,,,,,
Swine,Market Swine,,,Western Europe,All,23,,,,15,,,,,,,,,,,,,,,,,,,,,,
Buffalo,Buffalo,,,Western Europe,All,27,,,,16,,,,,,,,,,,,,,,,,,,,,,
Cattle,Other Cattle,,,Western Europe,All,21,,,,16,,,,,,,,,,,,,,,,,,,,,,
Swine,Breeding Swine,,,Western Europe,All,18,,,,16,,,,,,,,,,,,,,,,,,,,,,
Swine,Market Swine,,,Western Europe,All,24,,,,16,,,,,,,,,,,,,,,,,,,,,,
Buffalo,Buffalo,,,Western Europe,All,28,,,,17,,,,,,,,,,,,,,,,,,,,,,
Cattle,Other Cattle,,,Western Europe,All,22,,,,17,,,,,,,,,,,,,,,,,,,,,,
Swine,Breeding Swine,,,Western Europe,All,19,,,,17,,,,,,,,,,,,,,,,,,,,,,
Cattle,Other Cattle,,,Western Europe,All,23,,,,18,,,,,,,,,,,,,,,,,,,,,,
Swine,Market Swine,,,Western Europe,All,25,,,,18,,,,,,,,,,,,,,,,,,,,,,
Swine,Breeding Swine,,,Western Europe,All,20,,,,19,,,,,,,,,,,,,,,,,,,,,,
Swine,Market Swine,,,Western Europe,All,26,,,,19,,,,,,,,,,,,,,,,,,,,,,
Cattle,Other Cattle,,,Western Europe,All,24,,,,20,,,,,,,,,,,,,,,,,,,,,,
Swine,Breeding Swine,,,Western Europe,All,21,,,,20,,,,,,,,,,,,,,,,,,,,,,
Cattle,Dairy Cattle,,,Western Europe,All,10,,,,21,,,,,,,,,,,,,,,,,,,,,,
Cattle,Other Cattle,,,Western Europe,All,25,,,,21,,,,,,,,,,,,,,,,,,,,,,
Swine,Market Swine,,,Western Europe,All,27,,,,21,,,,,,,,,,,,,,,,,,,,,,
Swine,Market Swine,,,Western Europe,All,28,,,,21,,,,,,,,,,,,,,,,,,,,,,
Swine,Breeding Swine,,,Western Europe,All,22,,,,22,,,,,,,,,,,,,,,,,,,,,,
Cattle,Dairy Cattle,,,Western Europe,All,11,,,,23,,,,,,,,,,,,,,,,,,,,,,
Swine,Breeding Swine,,,Western Europe,All,23,,,,23,,,,,,,,,,,,,,,,,,,,,,
Cattle,Other Cattle,,,Western Europe,All,26,,,,24,,,,,,,,,,,,,,,,,,,,,,
Cattle,Dairy Cattle,,,Western Europe,All,12,,,,25,,,,,,,,,,,,,,,,,,,,,,
Cattle,Other Cattle,,,Western Europe,All,27,,,,25,,,,,,,,,,,,,,,,,,,,,,
Swine,Breeding Swine,,,Western Europe,All,24,,,,25,,,,,,,,,,,,,,,,,,,,,,
Cattle,Other Cattle,,,Western Europe,All,28,,,,26,,,,,,,,,,,,,,,,,,,,,,
Cattle,Dairy Cattle,,,Western Europe,All,13,,,,27,,,,,,,,,,,,,,,,,,,,,,
Swine,Breeding Swine,,,Western Europe,All,25,,,,27,,,,,,,,,,,,,,,,,,,,,,
Cattle,Dairy Cattle,,,Western Europe,All,14,,,,29,,,,,,,,,,,,,,,,,,,,,,
Swine,Breeding Swine,,,Western Europe,All,26,,,,29,,,,,,,,,,,,,,,,,,,,,,
Swine,Breeding Swine,,,Western Europe,All,27,,,,32,,,,,,,,,,,,,,,,,,,,,,
Swine,Breeding Swine,,,Western Europe,All,28,,,,33,,,,,,,,,,,,,,,,,,,,,,
Cattle,Dairy Cattle,,,Western Europe,All,15,,,,34,,,,,,,,,,,,,,,,,,,,,,
Cattle,Dairy Cattle,,,Western Europe,All,16,,,,37,,,,,,,,,,,,,,,,,,,,,,
Cattle,Dairy Cattle,,,Western Europe,All,17,,,,40,,,,,,,,,,,,,,,,,,,,,,
Cattle,Dairy Cattle,,,Western Europe,All,18,,,,43,,,,,,,,,,,,,,,,,,,,,,
Cattle,Dairy Cattle,,,Western Europe,All,19,,,,47,,,,,,,,,,,,,,,,,,,,,,
Cattle,Dairy Cattle,,,Western Europe,All,20,,,,51,,,,,,,,,,,,,,,,,,,,,,
Cattle,Dairy Cattle,,,Western Europe,All,21,,,,55,,,,,,,,,,,,,,,,,,,,,,
Cattle,Dairy Cattle,,,Western Europe,All,22,,,,59,,,,,,,,,,,,,,,,,,,,,,
Cattle,Dairy Cattle,,,Western Europe,All,23,,,,64,,,,,,,,,,,,,,,,,,,,,,
Cattle,Dairy Cattle,,,Western Europe,All,24,,,,70,,,,,,,,,,,,,,,,,,,,,,
Cattle,Dairy Cattle,,,Western Europe,All,25,,,,75,,,,,,,,,,,,,,,,,,,,,,
Cattle,Dairy Cattle,,,Western Europe,All,26,,,,83,,,,,,,,,,,,,,,,,,,,,,
Cattle,Dairy Cattle,,,Western Europe,All,27,,,,90,,,,,,,,,,,,,,,,,,,,,,
Cattle,Dairy Cattle,,,Western Europe,All,28,,,,92,,,,,,,,,,,,,,,,,,,,,,
Mules and Asses,Mules and Asses,,All,Global,Developed,15-25,,,,1.1,0.77,1.43,,,,,,,,,,,,,,,,,,,,
Poultry,Layers (wet),,All,Global,Developed,<15,,,,1.2,0.84,1.56,,,,,,,,,,,,,,,,,,,,
Poultry,Layers (wet),,All,Global,Developed,>25,,,,1.4,0.98,1.82,,,,,,,,,,,,,,,,,,,,
Poultry,Layers (wet),,All,Global,Developed,15-25,,,,1.4,0.98,1.82,,,,,,,,,,,,,,,,,,,,
Mules and Asses,Mules and Asses,,All,Global,Developed,>25,,,,1.52,1.064,1.976,,,,,,,,,,,,,,,,,,,,
Horses,Horses,,All,Global,Developed,<15,,,,1.56,1.092,2.028,,,,,,,,,,,,,,,,,,,,
Camels,Camels,,All,Global,Developed,<15,,,,1.58,1.106,2.054,,,,,,,,,,,,,,,,,,,,
Horses,Horses,,All,Global,Developed,15-25,,,,2.34,1.638,3.042,,,,,,,,,,,,,,,,,,,,
Camels,Camels,,All,Global,Developed,15-25,,,,2.37,1.659,3.081,,,,,,,,,,,,,,,,,,,,
Horses,Horses,,All,Global,Developed,>25,,,,3.13,2.191,4.069,,,,,,,,,,,,,,,,,,,,
Camels,Camels,,All,Global,Developed,>25,,,,3.17,2.219,4.121,,,,,,,,,,,,,,,,,,,,
Horses,Horses,,All,Global,Developing,<15,,,,1.09,0.763,1.417,,,,,,,,,,,,,,,,,,,,
Mules and Asses,Mules and Asses,,All,Global,Developing,>25,,,,1.2,0.84,1.56,,,,,,,,,,,,,,,,,,,,
Camels,Camels,,All,Global,Developing,<15,,,,1.28,0.896,1.664,,,,,,,,,,,,,,,,,,,,
Horses,Horses,,All,Global,Developing,15-25,,,,1.64,1.148,2.132,,,,,,,,,,,,,,,,,,,,
Camels,Camels,,All,Global,Developing,15-25,,,,1.92,1.344,2.496,,,,,,,,,,,,,,,,,,,,
Horses,Horses,,All,Global,Developing,>25,,,,2.19,1.533,2.847,,,,,,,,,,,,,,,,,,,,
Camels,Camels,,All,Global,Developing,>25,,,,2.56,1.792,3.328,,,,,,,,,,,,,,,,,,,,
Poultry,Poultry,,,Global,All,,0,0,0,,,,,,,,,,,,,,,,,,,,,,,
Swine,Swine,,,Global,Developing,,1,0.5,1.5,,,,,,,,,,,,,,,,,,,,,,,
Swine,Swine,,,Global,Developed,,1.5,0.75,2.25,,,,,,,,,,,,,,,,,,,,,,,
Other,Alpacas,,,Global,All,,8,4,12,,,,,,,,,,,,,,,,,,,,,,,
Mules and Asses,Mules and Asses,,,Global,All,,10,5,15,,,,,,,,,,,,,,,,,,,,,0.01,0.003,0.03
Horses,Horses,,,Global,All,,18,9,27,,,,,,,,,,,,,,,,,,,,,0.01,0.003,0.03
Camels,Camels,,,Global,All,,46,23,69,,,,,,,,,,,,,,,,,,,,,0.01,0.003,0.03
Other,Llamas,,All,All,,All,,,,,,,,,,,,,,,,,,,,,,,,,,
Sheep,Sheep,,All,,,All,,,,,,,,,,,,,,,,,,,,,,,,0.01,0.003,0.03
Cattle,Dairy Cattle,,All,,,All,,,,,,,,,,,,,,,,,,,,,,,,0.02,0.007,0.06
Cattle,Other Cattle,,All,,,All,,,,,,,,,,,,,,,,,,,,,,,,0.02,0.007,0.06
Poultry,Poultry,,All,All,,All,,,,,,,,,,,,,,,,,,,,,,,,0.02,0.007,0.06
Swine,Swine,,All,All,,All,,,,,,,,,,,,,,,,,,,,,,,,0.02,0.007,0.06
Other,Rabbits,,,,,,,,,,,,,,,,,,,,,,,,,,,,,,,
Cattle,Dairy Cattle,Pasture Range and Paddock,Pasture Range and Paddock,,,,,,,,,,,,,,,,0.05,,,,,,,,,,,,,
Cattle,Dairy Cattle,Anaerobic Digester,Anaerobic Digester,,,,,,,,,,,,,,,,0.05,,,,,,,,,,,,,
Cattle,Dairy Cattle,Anaerobic Lagoon,Uncovered Anaerobic Lagoon,,,,,,,,,,,,,,,,0.05,,,,,,,,,,,,,
Cattle,Dairy Cattle,Daily Spread,Daily Spread,,,,,,,,,,,,,,,,0.05,,,,,,,,,,,,,
Cattle,Dairy Cattle,Liquid/Slurry,Liquid/Slurry w/o Crust Cover,,,,,,,,,,,,,,,,0.05,,,,,,,,,,,,,
Cattle,Dairy Cattle,Composting,Composting Passive Windrow,,,,,,,,,,,,,,,,0.05,,,,,,,,,,,,,
Cattle,Dairy Cattle,Poultry Manure,Poultry Manure w/ Litter,,,,,,,,,,,,,,,,0.05,,,,,,,,,,,,,
Cattle,Dairy Cattle,Poultry Manure,Poultry Manure w/o Litter,,,,,,,,,,,,,,,,0.05,,,,,,,,,,,,,
Cattle,Dairy Cattle,Pit Storage,Pit Storage,,,,,,,,,,,,,,,,0.05,,,,,,,,,,,,,
Cattle,Dairy Cattle,Aeration Systems,Forced Aeration Systems,,,,,,,,,,,,,,,,0.05,,,,,,,,,,,,,
Cattle,Dairy Cattle,Liquid/Slurry,Liquid/Slurry w/ Crust Cover,,,,,,,,,,,,,,,,0.05,,,,,,,,,,,,,
Cattle,Dairy Cattle,Solid Storage,Solid Storage,,,,,,,,,,,,,,,,0.05,,,,,,,,,,,,,
Cattle,Dairy Cattle,Composting,Composting In-Vessel,,,,,,,,,,,,,,,,0.05,,,,,,,,,,,,,
Cattle,Dairy Cattle,Composting,Composting Static Pile,,,,,,,,,,,,,,,,0.05,,,,,,,,,,,,,
Cattle,Dairy Cattle,Aeration Systems,Natural Aeration Systems,,,,,,,,,,,,,,,,0.05,,,,,,,,,,,,,
Cattle,Dairy Cattle,Composting,Composting Intensive Windrow,,,,,,,,,,,,,,,,0.05,,,,,,,,,,,,,
Cattle,Dairy Cattle,Deep Bedding,Deep Bedding No Mixing,,,,,,,,,,,,,,,,0.05,,,,,,,,,,,,,
Cattle,Dairy Cattle,Dry Lot,Dry Lot,,,,,,,,,,,,,,,,0.05,,,,,,,,,,,,,
Cattle,Dairy Cattle,Deep Bedding,Deep Bedding Active Mixing,,,,,,,,,,,,,,,,0.05,,,,,,,,,,,,,
Cattle,Other Cattle,Pasture Range and Paddock,Pasture Range and Paddock,,,,,,,,,,,,,,,,0.05,,,,,,,,,,,,,
Cattle,Other Cattle,Anaerobic Digester,Anaerobic Digester,,,,,,,,,,,,,,,,0.05,,,,,,,,,,,,,
Cattle,Other Cattle,Anaerobic Lagoon,Uncovered Anaerobic Lagoon,,,,,,,,,,,,,,,,0.05,,,,,,,,,,,,,
Cattle,Other Cattle,Daily Spread,Daily Spread,,,,,,,,,,,,,,,,0.05,,,,,,,,,,,,,
Cattle,Other Cattle,Liquid/Slurry,Liquid/Slurry w/o Crust Cover,,,,,,,,,,,,,,,,0.05,,,,,,,,,,,,,
Cattle,Other Cattle,Composting,Composting Passive Windrow,,,,,,,,,,,,,,,,0.05,,,,,,,,,,,,,
Cattle,Other Cattle,Poultry Manure,Poultry Manure w/ Litter,,,,,,,,,,,,,,,,0.05,,,,,,,,,,,,,
Cattle,Other Cattle,Poultry Manure,Poultry Manure w/o Litter,,,,,,,,,,,,,,,,0.05,,,,,,,,,,,,,
Cattle,Other Cattle,Pit Storage,Pit Storage,,,,,,,,,,,,,,,,0.05,,,,,,,,,,,,,
Cattle,Other Cattle,Aeration Systems,Forced Aeration Systems,,,,,,,,,,,,,,,,0.05,,,,,,,,,,,,,
Cattle,Other Cattle,Liquid/Slurry,Liquid/Slurry w/ Crust Cover,,,,,,,,,,,,,,,,0.05,,,,,,,,,,,,,
Cattle,Other Cattle,Solid Storage,Solid Storage,,,,,,,,,,,,,,,,0.05,,,,,,,,,,,,,
Cattle,Other Cattle,Composting,Composting In-Vessel,,,,,,,,,,,,,,,,0.05,,,,,,,,,,,,,
Cattle,Other Cattle,Composting,Composting Static Pile,,,,,,,,,,,,,,,,0.05,,,,,,,,,,,,,
Cattle,Other Cattle,Aeration Systems,Natural Aeration Systems,,,,,,,,,,,,,,,,0.05,,,,,,,,,,,,,
Cattle,Other Cattle,Composting,Composting Intensive Windrow,,,,,,,,,,,,,,,,0.05,,,,,,,,,,,,,
Cattle,Other Cattle,Deep Bedding,Deep Bedding No Mixing,,,,,,,,,,,,,,,,0.05,,,,,,,,,,,,,
Cattle,Other Cattle,Dry Lot,Dry Lot,,,,,,,,,,,,,,,,0.05,,,,,,,,,,,,,
Cattle,Other Cattle,Deep Bedding,Deep Bedding Active Mixing,,,,,,,,,,,,,,,,0.05,,,,,,,,,,,,,
Buffalo,Buffalo,Pasture Range and Paddock,Pasture Range and Paddock,,,,,,,,,,,,,,,,0.05,,,,,,,,,,,,,
Buffalo,Buffalo,Anaerobic Digester,Anaerobic Digester,,,,,,,,,,,,,,,,0.05,,,,,,,,,,,,,
Buffalo,Buffalo,Anaerobic Lagoon,Uncovered Anaerobic Lagoon,,,,,,,,,,,,,,,,0.05,,,,,,,,,,,,,
Buffalo,Buffalo,Daily Spread,Daily Spread,,,,,,,,,,,,,,,,0.05,,,,,,,,,,,,,
Buffalo,Buffalo,Liquid/Slurry,Liquid/Slurry w/o Crust Cover,,,,,,,,,,,,,,,,0.05,,,,,,,,,,,,,
Buffalo,Buffalo,Composting,Composting Passive Windrow,,,,,,,,,,,,,,,,0.05,,,,,,,,,,,,,
Buffalo,Buffalo,Poultry Manure,Poultry Manure w/ Litter,,,,,,,,,,,,,,,,0.05,,,,,,,,,,,,,
Buffalo,Buffalo,Poultry Manure,Poultry Manure w/o Litter,,,,,,,,,,,,,,,,0.05,,,,,,,,,,,,,
Buffalo,Buffalo,Pit Storage,Pit Storage,,,,,,,,,,,,,,,,0.05,,,,,,,,,,,,,
Buffalo,Buffalo,Aeration Systems,Forced Aeration Systems,,,,,,,,,,,,,,,,0.05,,,,,,,,,,,,,
Buffalo,Buffalo,Liquid/Slurry,Liquid/Slurry w/ Crust Cover,,,,,,,,,,,,,,,,0.05,,,,,,,,,,,,,
Buffalo,Buffalo,Solid Storage,Solid Storage,,,,,,,,,,,,,,,,0.05,,,,,,,,,,,,,
Buffalo,Buffalo,Composting,Composting In-Vessel,,,,,,,,,,,,,,,,0.05,,,,,,,,,,,,,
Buffalo,Buffalo,Composting,Composting Static Pile,,,,,,,,,,,,,,,,0.05,,,,,,,,,,,,,
Buffalo,Buffalo,Aeration Systems,Natural Aeration Systems,,,,,,,,,,,,,,,,0.05,,,,,,,,,,,,,
Buffalo,Buffalo,Composting,Composting Intensive Windrow,,,,,,,,,,,,,,,,0.05,,,,,,,,,,,,,
Buffalo,Buffalo,Deep Bedding,Deep Bedding No Mixing,,,,,,,,,,,,,,,,0.05,,,,,,,,,,,,,
Buffalo,Buffalo,Dry Lot,Dry Lot,,,,,,,,,,,,,,,,0.05,,,,,,,,,,,,,
Buffalo,Buffalo,Deep Bedding,Deep Bedding Active Mixing,,,,,,,,,,,,,,,,0.05,,,,,,,,,,,,,
Camels,Camels,Pasture Range and Paddock,Pasture Range and Paddock,,,,,,,,,,,,,,,,0.05,,,,,,,,,,,,,
Camels,Camels,Anaerobic Digester,Anaerobic Digester,,,,,,,,,,,,,,,,0.05,,,,,,,,,,,,,
Camels,Camels,Anaerobic Lagoon,Uncovered Anaerobic Lagoon,,,,,,,,,,,,,,,,0.05,,,,,,,,,,,,,
Camels,Camels,Daily Spread,Daily Spread,,,,,,,,,,,,,,,,0.05,,,,,,,,,,,,,
Camels,Camels,Liquid/Slurry,Liquid/Slurry w/o Crust Cover,,,,,,,,,,,,,,,,0.05,,,,,,,,,,,,,
Camels,Camels,Composting,Composting Passive Windrow,,,,,,,,,,,,,,,,0.05,,,,,,,,,,,,,
Camels,Camels,Poultry Manure,Poultry Manure w/ Litter,,,,,,,,,,,,,,,,0.05,,,,,,,,,,,,,
Camels,Camels,Poultry Manure,Poultry Manure w/o Litter,,,,,,,,,,,,,,,,0.05,,,,,,,,,,,,,
Camels,Camels,Pit Storage,Pit Storage,,,,,,,,,,,,,,,,0.05,,,,,,,,,,,,,
Camels,Camels,Aeration Systems,Forced Aeration Systems,,,,,,,,,,,,,,,,0.05,,,,,,,,,,,,,
Camels,Camels,Liquid/Slurry,Liquid/Slurry w/ Crust Cover,,,,,,,,,,,,,,,,0.05,,,,,,,,,,,,,
Camels,Camels,Solid Storage,Solid Storage,,,,,,,,,,,,,,,,0.05,,,,,,,,,,,,,
Camels,Camels,Composting,Composting In-Vessel,,,,,,,,,,,,,,,,0.05,,,,,,,,,,,,,
Camels,Camels,Composting,Composting Static Pile,,,,,,,,,,,,,,,,0.05,,,,,,,,,,,,,
Camels,Camels,Aeration Systems,Natural Aeration Systems,,,,,,,,,,,,,,,,0.05,,,,,,,,,,,,,
Camels,Camels,Composting,Composting Intensive Windrow,,,,,,,,,,,,,,,,0.05,,,,,,,,,,,,,
Camels,Camels,Deep Bedding,Deep Bedding No Mixing,,,,,,,,,,,,,,,,0.05,,,,,,,,,,,,,
Camels,Camels,Dry Lot,Dry Lot,,,,,,,,,,,,,,,,0.05,,,,,,,,,,,,,
Camels,Camels,Deep Bedding,Deep Bedding Active Mixing,,,,,,,,,,,,,,,,0.05,,,,,,,,,,,,,
Goats,Goats,Pasture Range and Paddock,Pasture Range and Paddock,,,,,,,,,,,,,,,,0.05,,,,,,,,,,,,,
Goats,Goats,Anaerobic Digester,Anaerobic Digester,,,,,,,,,,,,,,,,0.05,,,,,,,,,,,,,
Goats,Goats,Anaerobic Lagoon,Uncovered Anaerobic Lagoon,,,,,,,,,,,,,,,,0.05,,,,,,,,,,,,,
Goats,Goats,Daily Spread,Daily Spread,,,,,,,,,,,,,,,,0.05,,,,,,,,,,,,,
Goats,Goats,Liquid/Slurry,Liquid/Slurry w/o Crust Cover,,,,,,,,,,,,,,,,0.05,,,,,,,,,,,,,
Goats,Goats,Composting,Composting Passive Windrow,,,,,,,,,,,,,,,,0.05,,,,,,,,,,,,,
Goats,Goats,Poultry Manure,Poultry Manure w/ Litter,,,,,,,,,,,,,,,,0.05,,,,,,,,,,,,,
Goats,Goats,Poultry Manure,Poultry Manure w/o Litter,,,,,,,,,,,,,,,,0.05,,,,,,,,,,,,,
Goats,Goats,Pit Storage,Pit Storage,,,,,,,,,,,,,,,,0.05,,,,,,,,,,,,,
Goats,Goats,Aeration Systems,Forced Aeration Systems,,,,,,,,,,,,,,,,0.05,,,,,,,,,,,,,
Goats,Goats,Liquid/Slurry,Liquid/Slurry w/ Crust Cover,,,,,,,,,,,,,,,,0.05,,,,,,,,,,,,,
Goats,Goats,Solid Storage,Solid Storage,,,,,,,,,,,,,,,,0.05,,,,,,,,,,,,,
Goats,Goats,Composting,Composting In-Vessel,,,,,,,,,,,,,,,,0.05,,,,,,,,,,,,,
Goats,Goats,Composting,Composting Static Pile,,,,,,,,,,,,,,,,0.05,,,,,,,,,,,,,
Goats,Goats,Aeration Systems,Natural Aeration Systems,,,,,,,,,,,,,,,,0.05,,,,,,,,,,,,,
Goats,Goats,Composting,Composting Intensive Windrow,,,,,,,,,,,,,,,,0.05,,,,,,,,,,,,,
Goats,Goats,Deep Bedding,Deep Bedding No Mixing,,,,,,,,,,,,,,,,0.05,,,,,,,,,,,,,
Goats,Goats,Dry Lot,Dry Lot,,,,,,,,,,,,,,,,0.05,,,,,,,,,,,,,
Goats,Goats,Deep Bedding,Deep Bedding Active Mixing,,,,,,,,,,,,,,,,0.05,,,,,,,,,,,,,
Horses,Horses,Pasture Range and Paddock,Pasture Range and Paddock,,,,,,,,,,,,,,,,0.05,,,,,,,,,,,,,
Horses,Horses,Anaerobic Digester,Anaerobic Digester,,,,,,,,,,,,,,,,0.05,,,,,,,,,,,,,
Horses,Horses,Anaerobic Lagoon,Uncovered Anaerobic Lagoon,,,,,,,,,,,,,,,,0.05,,,,,,,,,,,,,
Horses,Horses,Daily Spread,Daily Spread,,,,,,,,,,,,,,,,0.05,,,,,,,,,,,,,
Horses,Horses,Liquid/Slurry,Liquid/Slurry w/o Crust Cover,,,,,,,,,,,,,,,,0.05,,,,,,,,,,,,,
Horses,Horses,Composting,Composting Passive Windrow,,,,,,,,,,,,,,,,0.05,,,,,,,,,,,,,
Horses,Horses,Poultry Manure,Poultry Manure w/ Litter,,,,,,,,,,,,,,,,0.05,,,,,,,,,,,,,
Horses,Horses,Poultry Manure,Poultry Manure w/o Litter,,,,,,,,,,,,,,,,0.05,,,,,,,,,,,,,
Horses,Horses,Pit Storage,Pit Storage,,,,,,,,,,,,,,,,0.05,,,,,,,,,,,,,
Horses,Horses,Aeration Systems,Forced Aeration Systems,,,,,,,,,,,,,,,,0.05,,,,,,,,,,,,,
Horses,Horses,Liquid/Slurry,Liquid/Slurry w/ Crust Cover,,,,,,,,,,,,,,,,0.05,,,,,,,,,,,,,
Horses,Horses,Solid Storage,Solid Storage,,,,,,,,,,,,,,,,0.05,,,,,,,,,,,,,
Horses,Horses,Composting,Composting In-Vessel,,,,,,,,,,,,,,,,0.05,,,,,,,,,,,,,
Horses,Horses,Composting,Composting Static Pile,,,,,,,,,,,,,,,,0.05,,,,,,,,,,,,,
Horses,Horses,Aeration Systems,Natural Aeration Systems,,,,,,,,,,,,,,,,0.05,,,,,,,,,,,,,
Horses,Horses,Composting,Composting Intensive Windrow,,,,,,,,,,,,,,,,0.05,,,,,,,,,,,,,
Horses,Horses,Deep Bedding,Deep Bedding No Mixing,,,,,,,,,,,,,,,,0.05,,,,,,,,,,,,,
Horses,Horses,Dry Lot,Dry Lot,,,,,,,,,,,,,,,,0.05,,,,,,,,,,,,,
Horses,Horses,Deep Bedding,Deep Bedding Active Mixing,,,,,,,,,,,,,,,,0.05,,,,,,,,,,,,,
Mules and Asses,Mules and Asses,Pasture Range and Paddock,Pasture Range and Paddock,,,,,,,,,,,,,,,,0.05,,,,,,,,,,,,,
Mules and Asses,Mules and Asses,Anaerobic Digester,Anaerobic Digester,,,,,,,,,,,,,,,,0.05,,,,,,,,,,,,,
Mules and Asses,Mules and Asses,Anaerobic Lagoon,Uncovered Anaerobic Lagoon,,,,,,,,,,,,,,,,0.05,,,,,,,,,,,,,
Mules and Asses,Mules and Asses,Daily Spread,Daily Spread,,,,,,,,,,,,,,,,0.05,,,,,,,,,,,,,
Mules and Asses,Mules and Asses,Liquid/Slurry,Liquid/Slurry w/o Crust Cover,,,,,,,,,,,,,,,,0.05,,,,,,,,,,,,,
Mules and Asses,Mules and Asses,Composting,Composting Passive Windrow,,,,,,,,,,,,,,,,0.05,,,,,,,,,,,,,
Mules and Asses,Mules and Asses,Poultry Manure,Poultry Manure w/ Litter,,,,,,,,,,,,,,,,0.05,,,,,,,,,,,,,
Mules and Asses,Mules and Asses,Poultry Manure,Poultry Manure w/o Litter,,,,,,,,,,,,,,,,0.05,,,,,,,,,,,,,
Mules and Asses,Mules and Asses,Pit Storage,Pit Storage,,,,,,,,,,,,,,,,0.05,,,,,,,,,,,,,
Mules and Asses,Mules and Asses,Aeration Systems,Forced Aeration Systems,,,,,,,,,,,,,,,,0.05,,,,,,,,,,,,,
Mules and Asses,Mules and Asses,Liquid/Slurry,Liquid/Slurry w/ Crust Cover,,,,,,,,,,,,,,,,0.05,,,,,,,,,,,,,
Mules and Asses,Mules and Asses,Solid Storage,Solid Storage,,,,,,,,,,,,,,,,0.05,,,,,,,,,,,,,
Mules and Asses,Mules and Asses,Composting,Composting In-Vessel,,,,,,,,,,,,,,,,0.05,,,,,,,,,,,,,
Mules and Asses,Mules and Asses,Composting,Composting Static Pile,,,,,,,,,,,,,,,,0.05,,,,,,,,,,,,,
Mules and Asses,Mules and Asses,Aeration Systems,Natural Aeration Systems,,,,,,,,,,,,,,,,0.05,,,,,,,,,,,,,
Mules and Asses,Mules and Asses,Composting,Composting Intensive Windrow,,,,,,,,,,,,,,,,0.05,,,,,,,,,,,,,
Mules and Asses,Mules and Asses,Deep Bedding,Deep Bedding No Mixing,,,,,,,,,,,,,,,,0.05,,,,,,,,,,,,,
Mules and Asses,Mules and Asses,Dry Lot,Dry Lot,,,,,,,,,,,,,,,,0.05,,,,,,,,,,,,,
Mules and Asses,Mules and Asses,Deep Bedding,Deep Bedding Active Mixing,,,,,,,,,,,,,,,,0.05,,,,,,,,,,,,,
Other,Other,Pasture Range and Paddock,Pasture Range and Paddock,,,,,,,,,,,,,,,,0.05,,,,,,,,,,,,,
Other,Other,Anaerobic Digester,Anaerobic Digester,,,,,,,,,,,,,,,,0.05,,,,,,,,,,,,,
Other,Other,Anaerobic Lagoon,Uncovered Anaerobic Lagoon,,,,,,,,,,,,,,,,0.05,,,,,,,,,,,,,
Other,Other,Daily Spread,Daily Spread,,,,,,,,,,,,,,,,0.05,,,,,,,,,,,,,
Other,Other,Liquid/Slurry,Liquid/Slurry w/o Crust Cover,,,,,,,,,,,,,,,,0.05,,,,,,,,,,,,,
Other,Other,Composting,Composting Passive Windrow,,,,,,,,,,,,,,,,0.05,,,,,,,,,,,,,
Other,Other,Poultry Manure,Poultry Manure w/ Litter,,,,,,,,,,,,,,,,0.05,,,,,,,,,,,,,
Other,Other,Poultry Manure,Poultry Manure w/o Litter,,,,,,,,,,,,,,,,0.05,,,,,,,,,,,,,
Other,Other,Pit Storage,Pit Storage,,,,,,,,,,,,,,,,0.05,,,,,,,,,,,,,
Other,Other,Aeration Systems,Forced Aeration Systems,,,,,,,,,,,,,,,,0.05,,,,,,,,,,,,,
Other,Other,Liquid/Slurry,Liquid/Slurry w/ Crust Cover,,,,,,,,,,,,,,,,0.05,,,,,,,,,,,,,
Other,Other,Solid Storage,Solid Storage,,,,,,,,,,,,,,,,0.05,,,,,,,,,,,,,
Other,Other,Composting,Composting In-Vessel,,,,,,,,,,,,,,,,0.05,,,,,,,,,,,,,
Other,Other,Composting,Composting Static Pile,,,,,,,,,,,,,,,,0.05,,,,,,,,,,,,,
Other,Other,Aeration Systems,Natural Aeration Systems,,,,,,,,,,,,,,,,0.05,,,,,,,,,,,,,
Other,Other,Composting,Composting Intensive Windrow,,,,,,,,,,,,,,,,0.05,,,,,,,,,,,,,
Other,Other,Deep Bedding,Deep Bedding No Mixing,,,,,,,,,,,,,,,,0.05,,,,,,,,,,,,,
Other,Other,Dry Lot,Dry Lot,,,,,,,,,,,,,,,,0.05,,,,,,,,,,,,,
Other,Other,Deep Bedding,Deep Bedding Active Mixing,,,,,,,,,,,,,,,,0.05,,,,,,,,,,,,,
Poultry,Poultry,Pasture Range and Paddock,Pasture Range and Paddock,,,,,,,,,,,,,,,,0.05,,,,,,,,,,,,,
Poultry,Poultry,Anaerobic Digester,Anaerobic Digester,,,,,,,,,,,,,,,,0.05,,,,,,,,,,,,,
Poultry,Poultry,Anaerobic Lagoon,Uncovered Anaerobic Lagoon,,,,,,,,,,,,,,,,0.05,,,,,,,,,,,,,
Poultry,Poultry,Daily Spread,Daily Spread,,,,,,,,,,,,,,,,0.05,,,,,,,,,,,,,
Poultry,Poultry,Liquid/Slurry,Liquid/Slurry w/o Crust Cover,,,,,,,,,,,,,,,,0.05,,,,,,,,,,,,,
Poultry,Poultry,Composting,Composting Passive Windrow,,,,,,,,,,,,,,,,0.05,,,,,,,,,,,,,
Poultry,Poultry,Poultry Manure,Poultry Manure w/ Litter,,,,,,,,,,,,,,,,0.05,,,,,,,,,,,,,
Poultry,Poultry,Poultry Manure,Poultry Manure w/o Litter,,,,,,,,,,,,,,,,0.05,,,,,,,,,,,,,
Poultry,Poultry,Pit Storage,Pit Storage,,,,,,,,,,,,,,,,0.05,,,,,,,,,,,,,
Poultry,Poultry,Aeration Systems,Forced Aeration Systems,,,,,,,,,,,,,,,,0.05,,,,,,,,,,,,,
Poultry,Poultry,Liquid/Slurry,Liquid/Slurry w/ Crust Cover,,,,,,,,,,,,,,,,0.05,,,,,,,,,,,,,
Poultry,Poultry,Solid Storage,Solid Storage,,,,,,,,,,,,,,,,0.05,,,,,,,,,,,,,
Poultry,Poultry,Composting,Composting In-Vessel,,,,,,,,,,,,,,,,0.05,,,,,,,,,,,,,
Poultry,Poultry,Composting,Composting Static Pile,,,,,,,,,,,,,,,,0.05,,,,,,,,,,,,,
Poultry,Poultry,Aeration Systems,Natural Aeration Systems,,,,,,,,,,,,,,,,0.05,,,,,,,,,,,,,
Poultry,Poultry,Composting,Composting Intensive Windrow,,,,,,,,,,,,,,,,0.05,,,,,,,,,,,,,
Poultry,Poultry,Deep Bedding,Deep Bedding No Mixing,,,,,,,,,,,,,,,,0.05,,,,,,,,,,,,,
Poultry,Poultry,Dry Lot,Dry Lot,,,,,,,,,,,,,,,,0.05,,,,,,,,,,,,,
Poultry,Poultry,Deep Bedding,Deep Bedding Active Mixing,,,,,,,,,,,,,,,,0.05,,,,,,,,,,,,,
Sheep,Sheep,Pasture Range and Paddock,Pasture Range and Paddock,,,,,,,,,,,,,,,,0.05,,,,,,,,,,,,,
Sheep,Sheep,Anaerobic Digester,Anaerobic Digester,,,,,,,,,,,,,,,,0.05,,,,,,,,,,,,,
Sheep,Sheep,Anaerobic Lagoon,Uncovered Anaerobic Lagoon,,,,,,,,,,,,,,,,0.05,,,,,,,,,,,,,
Sheep,Sheep,Daily Spread,Daily Spread,,,,,,,,,,,,,,,,0.05,,,,,,,,,,,,,
Sheep,Sheep,Liquid/Slurry,Liquid/Slurry w/o Crust Cover,,,,,,,,,,,,,,,,0.05,,,,,,,,,,,,,
Sheep,Sheep,Composting,Composting Passive Windrow,,,,,,,,,,,,,,,,0.05,,,,,,,,,,,,,
Sheep,Sheep,Poultry Manure,Poultry Manure w/ Litter,,,,,,,,,,,,,,,,0.05,,,,,,,,,,,,,
Sheep,Sheep,Poultry Manure,Poultry Manure w/o Litter,,,,,,,,,,,,,,,,0.05,,,,,,,,,,,,,
Sheep,Sheep,Pit Storage,Pit Storage,,,,,,,,,,,,,,,,0.05,,,,,,,,,,,,,
Sheep,Sheep,Aeration Systems,Forced Aeration Systems,,,,,,,,,,,,,,,,0.05,,,,,,,,,,,,,
Sheep,Sheep,Liquid/Slurry,Liquid/Slurry w/ Crust Cover,,,,,,,,,,,,,,,,0.05,,,,,,,,,,,,,
Sheep,Sheep,Solid Storage,Solid Storage,,,,,,,,,,,,,,,,0.05,,,,,,,,,,,,,
Sheep,Sheep,Composting,Composting In-Vessel,,,,,,,,,,,,,,,,0.05,,,,,,,,,,,,,
Sheep,Sheep,Composting,Composting Static Pile,,,,,,,,,,,,,,,,0.05,,,,,,,,,,,,,
Sheep,Sheep,Aeration Systems,Natural Aeration Systems,,,,,,,,,,,,,,,,0.05,,,,,,,,,,,,,
Sheep,Sheep,Composting,Composting Intensive Windrow,,,,,,,,,,,,,,,,0.05,,,,,,,,,,,,,
Sheep,Sheep,Deep Bedding,Deep Bedding No Mixing,,,,,,,,,,,,,,,,0.05,,,,,,,,,,,,,
Sheep,Sheep,Dry Lot,Dry Lot,,,,,,,,,,,,,,,,0.05,,,,,,,,,,,,,
Sheep,Sheep,Deep Bedding,Deep Bedding Active Mixing,,,,,,,,,,,,,,,,0.05,,,,,,,,,,,,,
Swine,Breeding Swine,Pasture Range and Paddock,Pasture Range and Paddock,,,,,,,,,,,,,,,,0.05,,,,,,,,,,,,,
Swine,Breeding Swine,Anaerobic Digester,Anaerobic Digester,,,,,,,,,,,,,,,,0.05,,,,,,,,,,,,,
Swine,Breeding Swine,Anaerobic Lagoon,Uncovered Anaerobic Lagoon,,,,,,,,,,,,,,,,0.05,,,,,,,,,,,,,
Swine,Breeding Swine,Daily Spread,Daily Spread,,,,,,,,,,,,,,,,0.05,,,,,,,,,,,,,
Swine,Breeding Swine,Liquid/Slurry,Liquid/Slurry w/o Crust Cover,,,,,,,,,,,,,,,,0.05,,,,,,,,,,,,,
Swine,Breeding Swine,Composting,Composting Passive Windrow,,,,,,,,,,,,,,,,0.05,,,,,,,,,,,,,
Swine,Breeding Swine,Poultry Manure,Poultry Manure w/ Litter,,,,,,,,,,,,,,,,0.05,,,,,,,,,,,,,
Swine,Breeding Swine,Poultry Manure,Poultry Manure w/o Litter,,,,,,,,,,,,,,,,0.05,,,,,,,,,,,,,
Swine,Breeding Swine,Pit Storage,Pit Storage,,,,,,,,,,,,,,,,0.05,,,,,,,,,,,,,
Swine,Breeding Swine,Aeration Systems,Forced Aeration Systems,,,,,,,,,,,,,,,,0.05,,,,,,,,,,,,,
Swine,Breeding Swine,Liquid/Slurry,Liquid/Slurry w/ Crust Cover,,,,,,,,,,,,,,,,0.05,,,,,,,,,,,,,
Swine,Breeding Swine,Solid Storage,Solid Storage,,,,,,,,,,,,,,,,0.05,,,,,,,,,,,,,
Swine,Breeding Swine,Composting,Composting In-Vessel,,,,,,,,,,,,,,,,0.05,,,,,,,,,,,,,
Swine,Breeding Swine,Composting,Composting Static Pile,,,,,,,,,,,,,,,,0.05,,,,,,,,,,,,,
Swine,Breeding Swine,Aeration Systems,Natural Aeration Systems,,,,,,,,,,,,,,,,0.05,,,,,,,,,,,,,
Swine,Breeding Swine,Composting,Composting Intensive Windrow,,,,,,,,,,,,,,,,0.05,,,,,,,,,,,,,
Swine,Breeding Swine,Deep Bedding,Deep Bedding No Mixing,,,,,,,,,,,,,,,,0.05,,,,,,,,,,,,,
Swine,Breeding Swine,Dry Lot,Dry Lot,,,,,,,,,,,,,,,,0.05,,,,,,,,,,,,,
Swine,Breeding Swine,Deep Bedding,Deep Bedding Active Mixing,,,,,,,,,,,,,,,,0.05,,,,,,,,,,,,,
Swine,Market Swine,Pasture Range and Paddock,Pasture Range and Paddock,,,,,,,,,,,,,,,,0.05,,,,,,,,,,,,,
Swine,Market Swine,Anaerobic Digester,Anaerobic Digester,,,,,,,,,,,,,,,,0.05,,,,,,,,,,,,,
Swine,Market Swine,Anaerobic Lagoon,Uncovered Anaerobic Lagoon,,,,,,,,,,,,,,,,0.05,,,,,,,,,,,,,
Swine,Market Swine,Daily Spread,Daily Spread,,,,,,,,,,,,,,,,0.05,,,,,,,,,,,,,
Swine,Market Swine,Liquid/Slurry,Liquid/Slurry w/o Crust Cover,,,,,,,,,,,,,,,,0.05,,,,,,,,,,,,,
Swine,Market Swine,Composting,Composting Passive Windrow,,,,,,,,,,,,,,,,0.05,,,,,,,,,,,,,
Swine,Market Swine,Poultry Manure,Poultry Manure w/ Litter,,,,,,,,,,,,,,,,0.05,,,,,,,,,,,,,
Swine,Market Swine,Poultry Manure,Poultry Manure w/o Litter,,,,,,,,,,,,,,,,0.05,,,,,,,,,,,,,
Swine,Market Swine,Pit Storage,Pit Storage,,,,,,,,,,,,,,,,0.05,,,,,,,,,,,,,
Swine,Market Swine,Aeration Systems,Forced Aeration Systems,,,,,,,,,,,,,,,,0.05,,,,,,,,,,,,,
Swine,Market Swine,Liquid/Slurry,Liquid/Slurry w/ Crust Cover,,,,,,,,,,,,,,,,0.05,,,,,,,,,,,,,
Swine,Market Swine,Solid Storage,Solid Storage,,,,,,,,,,,,,,,,0.05,,,,,,,,,,,,,
Swine,Market Swine,Composting,Composting In-Vessel,,,,,,,,,,,,,,,,0.05,,,,,,,,,,,,,
Swine,Market Swine,Composting,Composting Static Pile,,,,,,,,,,,,,,,,0.05,,,,,,,,,,,,,
Swine,Market Swine,Aeration Systems,Natural Aeration Systems,,,,,,,,,,,,,,,,0.05,,,,,,,,,,,,,
Swine,Market Swine,Composting,Composting Intensive Windrow,,,,,,,,,,,,,,,,0.05,,,,,,,,,,,,,
Swine,Market Swine,Deep Bedding,Deep Bedding No Mixing,,,,,,,,,,,,,,,,0.05,,,,,,,,,,,,,
Swine,Market Swine,Dry Lot,Dry Lot,,,,,,,,,,,,,,,,0.05,,,,,,,,,,,,,
Swine,Market Swine,Deep Bedding,Deep Bedding Active Mixing,,,,,,,,,,,,,,,,0.05,,,,,,,,,,,,,
